2026-08-15 16:05:02,964 INFO o.a.j.u.JMeterUtils: Setting Locale to en_EN
2026-08-15 16:05:02,972 INFO o.a.j.JMeter: Loading user properties from: /opt/homebrew/Cellar/jmeter/5.6.3/libexec/bin/user.properties
2026-08-15 16:05:02,972 INFO o.a.j.JMeter: Loading system properties from: /opt/homebrew/Cellar/jmeter/5.6.3/libexec/bin/system.properties
2026-08-15 16:05:02,972 INFO o.a.j.JMeter: Loading additional properties from: perf/config/jmeter-run.properties
2026-08-15 16:05:02,974 INFO o.a.j.JMeter: Copyright (c) 1998-2024 The Apache Software Foundation
2026-08-15 16:05:02,975 INFO o.a.j.JMeter: Version 5.6.3
2026-08-15 16:05:02,975 INFO o.a.j.JMeter: java.version=21.0.10
2026-08-15 16:05:02,975 INFO o.a.j.JMeter: java.vm.name=OpenJDK 64-Bit Server VM
2026-08-15 16:05:02,975 INFO o.a.j.JMeter: os.name=Mac OS X
2026-08-15 16:05:02,975 INFO o.a.j.JMeter: os.arch=aarch64
2026-08-15 16:05:02,975 INFO o.a.j.JMeter: os.version=26.5.2
2026-08-15 16:05:02,975 INFO o.a.j.JMeter: file.encoding=UTF-8
2026-08-15 16:05:02,975 INFO o.a.j.JMeter: java.awt.headless=true
2026-08-15 16:05:02,975 INFO o.a.j.JMeter: Max memory     =4294967296
2026-08-15 16:05:02,975 INFO o.a.j.JMeter: Available Processors =12
2026-08-15 16:05:02,978 INFO o.a.j.JMeter: Default Locale=English (EN)
2026-08-15 16:05:02,978 INFO o.a.j.JMeter: JMeter  Locale=English (EN)
2026-08-15 16:05:02,978 INFO o.a.j.JMeter: JMeterHome=/opt/homebrew/Cellar/jmeter/5.6.3/libexec
2026-08-15 16:05:02,978 INFO o.a.j.JMeter: user.dir  =/Users/hbn/Documents/CS423-CSC15003-Testing-N08
2026-08-15 16:05:02,978 INFO o.a.j.JMeter: PWD       =/Users/hbn/Documents/CS423-CSC15003-Testing-N08
2026-08-15 16:05:02,980 INFO o.a.j.JMeter: IP: 127.0.0.1 Name: hbns-MacBook-Pro.local FullName: localhost
2026-08-15 16:05:02,987 INFO o.a.j.JMeter: Setting property 'jmeter.reportgenerator.outputdir' to:'/Users/hbn/Documents/CS423-CSC15003-Testing-N08/perf/results/html/23127300_Spike_20260814'
2026-08-15 16:05:02,988 INFO o.a.j.s.FileServer: Default base='/Users/hbn/Documents/CS423-CSC15003-Testing-N08'
2026-08-15 16:05:02,989 INFO o.a.j.s.FileServer: Set new base='/Users/hbn/Documents/CS423-CSC15003-Testing-N08/perf/plans/jmeter'
2026-08-15 16:05:03,045 INFO o.a.j.s.SaveService: Testplan (JMX) version: 2.2. Testlog (JTL) version: 2.2
2026-08-15 16:05:03,056 INFO o.a.j.s.SaveService: Using SaveService properties version 5.0
2026-08-15 16:05:03,057 INFO o.a.j.s.SaveService: Using SaveService properties file encoding UTF-8
2026-08-15 16:05:03,058 INFO o.a.j.s.SaveService: Loading file: perf/plans/jmeter/23127300_Spike_20260814.jmx
2026-08-15 16:05:03,086 INFO o.a.j.p.h.s.HTTPSamplerBase: Parser for text/html is org.apache.jmeter.protocol.http.parser.LagartoBasedHtmlParser
2026-08-15 16:05:03,086 INFO o.a.j.p.h.s.HTTPSamplerBase: Parser for application/xhtml+xml is org.apache.jmeter.protocol.http.parser.LagartoBasedHtmlParser
2026-08-15 16:05:03,086 INFO o.a.j.p.h.s.HTTPSamplerBase: Parser for application/xml is org.apache.jmeter.protocol.http.parser.LagartoBasedHtmlParser
2026-08-15 16:05:03,086 INFO o.a.j.p.h.s.HTTPSamplerBase: Parser for text/xml is org.apache.jmeter.protocol.http.parser.LagartoBasedHtmlParser
2026-08-15 16:05:03,086 INFO o.a.j.p.h.s.HTTPSamplerBase: Parser for text/vnd.wap.wml is org.apache.jmeter.protocol.http.parser.RegexpHTMLParser
2026-08-15 16:05:03,086 INFO o.a.j.p.h.s.HTTPSamplerBase: Parser for text/css is org.apache.jmeter.protocol.http.parser.CssParser
2026-08-15 16:05:03,108 INFO o.a.j.JMeter: Creating summariser <summary>
2026-08-15 16:05:03,109 INFO o.a.j.r.d.ReportGenerator: ReportGenerator will use for Parsing the separator: ','
2026-08-15 16:05:03,109 INFO o.a.j.r.d.ReportGenerator: Will generate report at end of test from  results file: perf/results/jtl/23127300_Spike_20260814.jtl
2026-08-15 16:05:03,109 INFO o.a.j.r.d.ReportGenerator: Reading report generator properties from: /opt/homebrew/Cellar/jmeter/5.6.3/libexec/bin/reportgenerator.properties
2026-08-15 16:05:03,109 INFO o.a.j.r.d.ReportGenerator: Merging with JMeter properties
2026-08-15 16:05:03,111 INFO o.a.j.r.c.ReportGeneratorConfiguration: Property 'jmeter.reportgenerator.temp_dir' not found, using default value 'temp' instead.
2026-08-15 16:05:03,112 INFO o.a.j.r.c.ReportGeneratorConfiguration: Property 'jmeter.reportgenerator.apdex_per_transaction' not found, using default value 'null' instead.
2026-08-15 16:05:03,112 INFO o.a.j.r.c.ReportGeneratorConfiguration: apdex_per_transaction is empty, not APDEX per transaction customization
2026-08-15 16:05:03,112 INFO o.a.j.r.c.ReportGeneratorConfiguration: Property 'jmeter.reportgenerator.sample_filter' not found, using default value 'null' instead.
2026-08-15 16:05:03,112 INFO o.a.j.r.c.ReportGeneratorConfiguration: Property 'jmeter.reportgenerator.report_title' not found, using default value 'null' instead.
2026-08-15 16:05:03,112 INFO o.a.j.r.c.ReportGeneratorConfiguration: Property 'jmeter.reportgenerator.start_date' not found, using default value 'null' instead.
2026-08-15 16:05:03,112 INFO o.a.j.r.c.ReportGeneratorConfiguration: Property 'jmeter.reportgenerator.end_date' not found, using default value 'null' instead.
2026-08-15 16:05:03,112 INFO o.a.j.r.c.ReportGeneratorConfiguration: Property 'jmeter.reportgenerator.date_format' not found, using default value 'null' instead.
2026-08-15 16:05:03,112 INFO o.a.j.r.c.ReportGeneratorConfiguration: Will use date range start date: null, end date: null
2026-08-15 16:05:03,113 INFO o.a.j.r.c.ReportGeneratorConfiguration: Property 'jmeter.reportgenerator.graph.totalTPS.exclude_controllers' not found, using default value 'false' instead.
2026-08-15 16:05:03,113 INFO o.a.j.r.c.ReportGeneratorConfiguration: Property 'jmeter.reportgenerator.graph.activeThreadsOverTime.exclude_controllers' not found, using default value 'false' instead.
2026-08-15 16:05:03,113 INFO o.a.j.r.c.ReportGeneratorConfiguration: Property 'jmeter.reportgenerator.graph.timeVsThreads.exclude_controllers' not found, using default value 'false' instead.
2026-08-15 16:05:03,113 INFO o.a.j.r.c.ReportGeneratorConfiguration: Property 'jmeter.reportgenerator.graph.responseTimeDistribution.exclude_controllers' not found, using default value 'false' instead.
2026-08-15 16:05:03,113 INFO o.a.j.r.c.ReportGeneratorConfiguration: Property 'jmeter.reportgenerator.graph.transactionsPerSecond.exclude_controllers' not found, using default value 'false' instead.
2026-08-15 16:05:03,113 INFO o.a.j.r.c.ReportGeneratorConfiguration: Property 'jmeter.reportgenerator.graph.responseTimePercentiles.exclude_controllers' not found, using default value 'false' instead.
2026-08-15 16:05:03,114 INFO o.a.j.r.c.ReportGeneratorConfiguration: Property 'jmeter.reportgenerator.graph.responseTimePercentilesOverTime.exclude_controllers' not found, using default value 'false' instead.
2026-08-15 16:05:03,114 INFO o.a.j.r.c.ReportGeneratorConfiguration: Property 'jmeter.reportgenerator.graph.responseTimesOverTime.exclude_controllers' not found, using default value 'false' instead.
2026-08-15 16:05:03,114 INFO o.a.j.r.c.ReportGeneratorConfiguration: Property 'jmeter.reportgenerator.graph.connectTimeOverTime.exclude_controllers' not found, using default value 'false' instead.
2026-08-15 16:05:03,114 INFO o.a.j.r.c.ReportGeneratorConfiguration: Property 'jmeter.reportgenerator.graph.latenciesOverTime.exclude_controllers' not found, using default value 'false' instead.
2026-08-15 16:05:03,114 INFO o.a.j.r.c.ReportGeneratorConfiguration: Property 'jmeter.reportgenerator.exporter.json.filters_only_sample_series' not found, using default value 'true' instead.
2026-08-15 16:05:03,114 INFO o.a.j.r.c.ReportGeneratorConfiguration: Property 'jmeter.reportgenerator.exporter.json.series_filter' not found, using default value '' instead.
2026-08-15 16:05:03,114 INFO o.a.j.r.c.ReportGeneratorConfiguration: Property 'jmeter.reportgenerator.exporter.json.show_controllers_only' not found, using default value 'false' instead.
2026-08-15 16:05:03,114 INFO o.a.j.r.c.ReportGeneratorConfiguration: Property 'jmeter.reportgenerator.exporter.html.filters_only_sample_series' not found, using default value 'true' instead.
2026-08-15 16:05:03,114 INFO o.a.j.r.c.ReportGeneratorConfiguration: Property 'jmeter.reportgenerator.exporter.html.series_filter' not found, using default value '' instead.
2026-08-15 16:05:03,114 INFO o.a.j.r.c.ReportGeneratorConfiguration: Property 'jmeter.reportgenerator.exporter.html.show_controllers_only' not found, using default value 'false' instead.
2026-08-15 16:05:03,118 INFO o.a.j.e.StandardJMeterEngine: Running the test!
2026-08-15 16:05:03,119 INFO o.a.j.s.SampleEvent: List of sample_variables: []
2026-08-15 16:05:03,119 INFO o.a.j.s.SampleEvent: List of sample_variables: []
2026-08-15 16:05:03,120 INFO o.a.j.e.u.CompoundVariable: Note: Function class names must contain the string: '.functions.'
2026-08-15 16:05:03,120 INFO o.a.j.e.u.CompoundVariable: Note: Function class names must not contain the string: '.gui.'
2026-08-15 16:05:03,134 INFO o.a.j.r.ClassFinder: Will scan jar /opt/homebrew/Cellar/jmeter/5.6.3/libexec/lib/ext/jmeter-plugins-manager-1.9.jar with filter ExtendsClassFilter [parents=[interface org.apache.jmeter.functions.Function], inner=false, contains=null, notContains=null]. Consider exposing JMeter plugins via META-INF/services, and add JMeter-Skip-Class-Scanning=true manifest attribute so JMeter can skip classfile scanning
2026-08-15 16:05:03,233 INFO o.a.j.JMeter: Running test (1786784703233)
2026-08-15 16:05:03,241 INFO o.a.j.e.StandardJMeterEngine: Starting ThreadGroup: 1 : TG - Spike baseline (20 VU)
2026-08-15 16:05:03,241 INFO o.a.j.e.StandardJMeterEngine: Starting 20 threads for group TG - Spike baseline (20 VU).
2026-08-15 16:05:03,241 INFO o.a.j.e.StandardJMeterEngine: Thread will continue on error
2026-08-15 16:05:03,241 INFO o.a.j.t.ThreadGroup: Starting thread group... number=1 threads=20 ramp-up=20 delayedStart=false
2026-08-15 16:05:03,247 INFO o.a.j.t.JMeterThread: Thread started: TG - Spike baseline (20 VU) 1-1
2026-08-15 16:05:03,248 INFO o.a.j.s.FileServer: Stored: perf/data/products.csv
2026-08-15 16:05:03,250 INFO o.a.j.t.ThreadGroup: Started thread group number 1
2026-08-15 16:05:03,251 INFO o.a.j.e.StandardJMeterEngine: Starting ThreadGroup: 2 : TG - Spike burst 1 (300 VU)
2026-08-15 16:05:03,251 INFO o.a.j.e.StandardJMeterEngine: Starting 300 threads for group TG - Spike burst 1 (300 VU).
2026-08-15 16:05:03,251 INFO o.a.j.e.StandardJMeterEngine: Thread will continue on error
2026-08-15 16:05:03,251 INFO o.a.j.t.ThreadGroup: Starting thread group... number=2 threads=300 ramp-up=5 delayedStart=false
2026-08-15 16:05:03,321 INFO o.a.j.t.ThreadGroup: Started thread group number 2
2026-08-15 16:05:03,321 INFO o.a.j.e.StandardJMeterEngine: Starting ThreadGroup: 3 : TG - Spike burst 2 (300 VU)
2026-08-15 16:05:03,321 INFO o.a.j.e.StandardJMeterEngine: Starting 300 threads for group TG - Spike burst 2 (300 VU).
2026-08-15 16:05:03,321 INFO o.a.j.e.StandardJMeterEngine: Thread will continue on error
2026-08-15 16:05:03,321 INFO o.a.j.t.ThreadGroup: Starting thread group... number=3 threads=300 ramp-up=5 delayedStart=false
2026-08-15 16:05:03,370 INFO o.a.j.t.ThreadGroup: Started thread group number 3
2026-08-15 16:05:03,370 INFO o.a.j.e.StandardJMeterEngine: All thread groups have been started
2026-08-15 16:05:04,249 INFO o.a.j.t.JMeterThread: Thread started: TG - Spike baseline (20 VU) 1-2
2026-08-15 16:05:05,249 INFO o.a.j.t.JMeterThread: Thread started: TG - Spike baseline (20 VU) 1-3
2026-08-15 16:05:06,248 INFO o.a.j.t.JMeterThread: Thread started: TG - Spike baseline (20 VU) 1-4
2026-08-15 16:05:06,272 INFO o.a.j.p.h.s.HTTPHCAbstractImpl: Local host = hbns-MacBook-Pro.local
2026-08-15 16:05:06,278 INFO o.a.j.p.h.s.HTTPHC4Impl: HTTP request retry count = 0
2026-08-15 16:05:06,279 INFO o.a.j.s.SampleResult: Note: Sample TimeStamps are START times
2026-08-15 16:05:06,279 INFO o.a.j.s.SampleResult: sampleresult.default.encoding is set to UTF-8
2026-08-15 16:05:06,279 INFO o.a.j.s.SampleResult: sampleresult.useNanoTime=true
2026-08-15 16:05:06,279 INFO o.a.j.s.SampleResult: sampleresult.nanoThreadSleep=5000
2026-08-15 16:05:07,249 INFO o.a.j.t.JMeterThread: Thread started: TG - Spike baseline (20 VU) 1-5
2026-08-15 16:05:08,247 INFO o.a.j.t.JMeterThread: Thread started: TG - Spike baseline (20 VU) 1-6
2026-08-15 16:05:09,247 INFO o.a.j.t.JMeterThread: Thread started: TG - Spike baseline (20 VU) 1-7
2026-08-15 16:05:10,247 INFO o.a.j.t.JMeterThread: Thread started: TG - Spike baseline (20 VU) 1-8
2026-08-15 16:05:11,244 INFO o.a.j.t.JMeterThread: Thread started: TG - Spike baseline (20 VU) 1-9
2026-08-15 16:05:12,244 INFO o.a.j.t.JMeterThread: Thread started: TG - Spike baseline (20 VU) 1-10
2026-08-15 16:05:13,247 INFO o.a.j.t.JMeterThread: Thread started: TG - Spike baseline (20 VU) 1-11
2026-08-15 16:05:14,247 INFO o.a.j.t.JMeterThread: Thread started: TG - Spike baseline (20 VU) 1-12
2026-08-15 16:05:15,243 INFO o.a.j.t.JMeterThread: Thread started: TG - Spike baseline (20 VU) 1-13
2026-08-15 16:05:16,243 INFO o.a.j.t.JMeterThread: Thread started: TG - Spike baseline (20 VU) 1-14
2026-08-15 16:05:17,245 INFO o.a.j.t.JMeterThread: Thread started: TG - Spike baseline (20 VU) 1-15
2026-08-15 16:05:18,243 INFO o.a.j.t.JMeterThread: Thread started: TG - Spike baseline (20 VU) 1-16
2026-08-15 16:05:19,245 INFO o.a.j.t.JMeterThread: Thread started: TG - Spike baseline (20 VU) 1-17
2026-08-15 16:05:20,247 INFO o.a.j.t.JMeterThread: Thread started: TG - Spike baseline (20 VU) 1-18
2026-08-15 16:05:21,246 INFO o.a.j.t.JMeterThread: Thread started: TG - Spike baseline (20 VU) 1-19
2026-08-15 16:05:22,244 INFO o.a.j.t.JMeterThread: Thread started: TG - Spike baseline (20 VU) 1-20
2026-08-15 16:05:30,003 INFO o.a.j.r.Summariser: summary +    164 in 00:00:27 =    6.1/s Avg:     4 Min:     1 Max:    16 Err:     0 (0.00%) Active: 20 Started: 20 Finished: 0
2026-08-15 16:06:00,014 INFO o.a.j.r.Summariser: summary +    291 in 00:00:30 =    9.7/s Avg:     4 Min:     1 Max:    10 Err:     0 (0.00%) Active: 20 Started: 20 Finished: 0
2026-08-15 16:06:00,015 INFO o.a.j.r.Summariser: summary =    455 in 00:00:57 =    8.0/s Avg:     4 Min:     1 Max:    16 Err:     0 (0.00%)
2026-08-15 16:06:30,055 INFO o.a.j.r.Summariser: summary +    294 in 00:00:30 =    9.8/s Avg:     4 Min:     0 Max:    14 Err:     0 (0.00%) Active: 20 Started: 20 Finished: 0
2026-08-15 16:06:30,055 INFO o.a.j.r.Summariser: summary =    749 in 00:01:27 =    8.6/s Avg:     4 Min:     0 Max:    16 Err:     0 (0.00%)
2026-08-15 16:06:33,256 INFO o.a.j.t.JMeterThread: Thread started: TG - Spike burst 1 (300 VU) 2-1
2026-08-15 16:06:33,275 INFO o.a.j.t.JMeterThread: Thread started: TG - Spike burst 1 (300 VU) 2-2
2026-08-15 16:06:33,295 INFO o.a.j.t.JMeterThread: Thread started: TG - Spike burst 1 (300 VU) 2-3
2026-08-15 16:06:33,312 INFO o.a.j.t.JMeterThread: Thread started: TG - Spike burst 1 (300 VU) 2-4
2026-08-15 16:06:33,328 INFO o.a.j.t.JMeterThread: Thread started: TG - Spike burst 1 (300 VU) 2-5
2026-08-15 16:06:33,341 INFO o.a.j.t.JMeterThread: Thread started: TG - Spike burst 1 (300 VU) 2-6
2026-08-15 16:06:33,362 INFO o.a.j.t.JMeterThread: Thread started: TG - Spike burst 1 (300 VU) 2-7
2026-08-15 16:06:33,377 INFO o.a.j.t.JMeterThread: Thread started: TG - Spike burst 1 (300 VU) 2-8
2026-08-15 16:06:33,395 INFO o.a.j.t.JMeterThread: Thread started: TG - Spike burst 1 (300 VU) 2-9
2026-08-15 16:06:33,412 INFO o.a.j.t.JMeterThread: Thread started: TG - Spike burst 1 (300 VU) 2-10
2026-08-15 16:06:33,428 INFO o.a.j.t.JMeterThread: Thread started: TG - Spike burst 1 (300 VU) 2-11
2026-08-15 16:06:33,446 INFO o.a.j.t.JMeterThread: Thread started: TG - Spike burst 1 (300 VU) 2-12
2026-08-15 16:06:33,462 INFO o.a.j.t.JMeterThread: Thread started: TG - Spike burst 1 (300 VU) 2-13
2026-08-15 16:06:33,478 INFO o.a.j.t.JMeterThread: Thread started: TG - Spike burst 1 (300 VU) 2-14
2026-08-15 16:06:33,497 INFO o.a.j.t.JMeterThread: Thread started: TG - Spike burst 1 (300 VU) 2-15
2026-08-15 16:06:33,508 INFO o.a.j.t.JMeterThread: Thread started: TG - Spike burst 1 (300 VU) 2-16
2026-08-15 16:06:33,531 INFO o.a.j.t.JMeterThread: Thread started: TG - Spike burst 1 (300 VU) 2-17
2026-08-15 16:06:33,545 INFO o.a.j.t.JMeterThread: Thread started: TG - Spike burst 1 (300 VU) 2-18
2026-08-15 16:06:33,561 INFO o.a.j.t.JMeterThread: Thread started: TG - Spike burst 1 (300 VU) 2-19
2026-08-15 16:06:33,577 INFO o.a.j.t.JMeterThread: Thread started: TG - Spike burst 1 (300 VU) 2-20
2026-08-15 16:06:33,598 INFO o.a.j.t.JMeterThread: Thread started: TG - Spike burst 1 (300 VU) 2-21
2026-08-15 16:06:33,616 INFO o.a.j.t.JMeterThread: Thread started: TG - Spike burst 1 (300 VU) 2-22
2026-08-15 16:06:33,632 INFO o.a.j.t.JMeterThread: Thread started: TG - Spike burst 1 (300 VU) 2-23
2026-08-15 16:06:33,649 INFO o.a.j.t.JMeterThread: Thread started: TG - Spike burst 1 (300 VU) 2-24
2026-08-15 16:06:33,666 INFO o.a.j.t.JMeterThread: Thread started: TG - Spike burst 1 (300 VU) 2-25
2026-08-15 16:06:33,683 INFO o.a.j.t.JMeterThread: Thread started: TG - Spike burst 1 (300 VU) 2-26
2026-08-15 16:06:33,699 INFO o.a.j.t.JMeterThread: Thread started: TG - Spike burst 1 (300 VU) 2-27
2026-08-15 16:06:33,712 INFO o.a.j.t.JMeterThread: Thread started: TG - Spike burst 1 (300 VU) 2-28
2026-08-15 16:06:33,733 INFO o.a.j.t.JMeterThread: Thread started: TG - Spike burst 1 (300 VU) 2-29
2026-08-15 16:06:33,749 INFO o.a.j.t.JMeterThread: Thread started: TG - Spike burst 1 (300 VU) 2-30
2026-08-15 16:06:33,767 INFO o.a.j.t.JMeterThread: Thread started: TG - Spike burst 1 (300 VU) 2-31
2026-08-15 16:06:33,782 INFO o.a.j.t.JMeterThread: Thread started: TG - Spike burst 1 (300 VU) 2-32
2026-08-15 16:06:33,802 INFO o.a.j.t.JMeterThread: Thread started: TG - Spike burst 1 (300 VU) 2-33
2026-08-15 16:06:33,823 INFO o.a.j.t.JMeterThread: Thread started: TG - Spike burst 1 (300 VU) 2-34
2026-08-15 16:06:33,836 INFO o.a.j.t.JMeterThread: Thread started: TG - Spike burst 1 (300 VU) 2-35
2026-08-15 16:06:33,849 INFO o.a.j.t.JMeterThread: Thread started: TG - Spike burst 1 (300 VU) 2-36
2026-08-15 16:06:33,872 INFO o.a.j.t.JMeterThread: Thread started: TG - Spike burst 1 (300 VU) 2-37
2026-08-15 16:06:33,884 INFO o.a.j.t.JMeterThread: Thread started: TG - Spike burst 1 (300 VU) 2-38
2026-08-15 16:06:33,899 INFO o.a.j.t.JMeterThread: Thread started: TG - Spike burst 1 (300 VU) 2-39
2026-08-15 16:06:33,923 INFO o.a.j.t.JMeterThread: Thread started: TG - Spike burst 1 (300 VU) 2-40
2026-08-15 16:06:33,933 INFO o.a.j.t.JMeterThread: Thread started: TG - Spike burst 1 (300 VU) 2-41
2026-08-15 16:06:33,955 INFO o.a.j.t.JMeterThread: Thread started: TG - Spike burst 1 (300 VU) 2-42
2026-08-15 16:06:33,966 INFO o.a.j.t.JMeterThread: Thread started: TG - Spike burst 1 (300 VU) 2-43
2026-08-15 16:06:33,986 INFO o.a.j.t.JMeterThread: Thread started: TG - Spike burst 1 (300 VU) 2-44
2026-08-15 16:06:34,007 INFO o.a.j.t.JMeterThread: Thread started: TG - Spike burst 1 (300 VU) 2-45
2026-08-15 16:06:34,019 INFO o.a.j.t.JMeterThread: Thread started: TG - Spike burst 1 (300 VU) 2-46
2026-08-15 16:06:34,041 INFO o.a.j.t.JMeterThread: Thread started: TG - Spike burst 1 (300 VU) 2-47
2026-08-15 16:06:34,057 INFO o.a.j.t.JMeterThread: Thread started: TG - Spike burst 1 (300 VU) 2-48
2026-08-15 16:06:34,076 INFO o.a.j.t.JMeterThread: Thread started: TG - Spike burst 1 (300 VU) 2-49
2026-08-15 16:06:34,090 INFO o.a.j.t.JMeterThread: Thread started: TG - Spike burst 1 (300 VU) 2-50
2026-08-15 16:06:34,109 INFO o.a.j.t.JMeterThread: Thread started: TG - Spike burst 1 (300 VU) 2-51
2026-08-15 16:06:34,123 INFO o.a.j.t.JMeterThread: Thread started: TG - Spike burst 1 (300 VU) 2-52
2026-08-15 16:06:34,141 INFO o.a.j.t.JMeterThread: Thread started: TG - Spike burst 1 (300 VU) 2-53
2026-08-15 16:06:34,158 INFO o.a.j.t.JMeterThread: Thread started: TG - Spike burst 1 (300 VU) 2-54
2026-08-15 16:06:34,177 INFO o.a.j.t.JMeterThread: Thread started: TG - Spike burst 1 (300 VU) 2-55
2026-08-15 16:06:34,190 INFO o.a.j.t.JMeterThread: Thread started: TG - Spike burst 1 (300 VU) 2-56
2026-08-15 16:06:34,209 INFO o.a.j.t.JMeterThread: Thread started: TG - Spike burst 1 (300 VU) 2-57
2026-08-15 16:06:34,223 INFO o.a.j.t.JMeterThread: Thread started: TG - Spike burst 1 (300 VU) 2-58
2026-08-15 16:06:34,247 INFO o.a.j.t.JMeterThread: Thread started: TG - Spike burst 1 (300 VU) 2-59
2026-08-15 16:06:34,257 INFO o.a.j.t.JMeterThread: Thread started: TG - Spike burst 1 (300 VU) 2-60
2026-08-15 16:06:34,273 INFO o.a.j.t.JMeterThread: Thread started: TG - Spike burst 1 (300 VU) 2-61
2026-08-15 16:06:34,295 INFO o.a.j.t.JMeterThread: Thread started: TG - Spike burst 1 (300 VU) 2-62
2026-08-15 16:06:34,313 INFO o.a.j.t.JMeterThread: Thread started: TG - Spike burst 1 (300 VU) 2-63
2026-08-15 16:06:34,329 INFO o.a.j.t.JMeterThread: Thread started: TG - Spike burst 1 (300 VU) 2-64
2026-08-15 16:06:34,346 INFO o.a.j.t.JMeterThread: Thread started: TG - Spike burst 1 (300 VU) 2-65
2026-08-15 16:06:34,362 INFO o.a.j.t.JMeterThread: Thread started: TG - Spike burst 1 (300 VU) 2-66
2026-08-15 16:06:34,381 INFO o.a.j.t.JMeterThread: Thread started: TG - Spike burst 1 (300 VU) 2-67
2026-08-15 16:06:34,395 INFO o.a.j.t.JMeterThread: Thread started: TG - Spike burst 1 (300 VU) 2-68
2026-08-15 16:06:34,416 INFO o.a.j.t.JMeterThread: Thread started: TG - Spike burst 1 (300 VU) 2-69
2026-08-15 16:06:34,433 INFO o.a.j.t.JMeterThread: Thread started: TG - Spike burst 1 (300 VU) 2-70
2026-08-15 16:06:34,446 INFO o.a.j.t.JMeterThread: Thread started: TG - Spike burst 1 (300 VU) 2-71
2026-08-15 16:06:34,466 INFO o.a.j.t.JMeterThread: Thread started: TG - Spike burst 1 (300 VU) 2-72
2026-08-15 16:06:34,482 INFO o.a.j.t.JMeterThread: Thread started: TG - Spike burst 1 (300 VU) 2-73
2026-08-15 16:06:34,502 INFO o.a.j.t.JMeterThread: Thread started: TG - Spike burst 1 (300 VU) 2-74
2026-08-15 16:06:34,518 INFO o.a.j.t.JMeterThread: Thread started: TG - Spike burst 1 (300 VU) 2-75
2026-08-15 16:06:34,534 INFO o.a.j.t.JMeterThread: Thread started: TG - Spike burst 1 (300 VU) 2-76
2026-08-15 16:06:34,553 INFO o.a.j.t.JMeterThread: Thread started: TG - Spike burst 1 (300 VU) 2-77
2026-08-15 16:06:34,570 INFO o.a.j.t.JMeterThread: Thread started: TG - Spike burst 1 (300 VU) 2-78
2026-08-15 16:06:34,585 INFO o.a.j.t.JMeterThread: Thread started: TG - Spike burst 1 (300 VU) 2-79
2026-08-15 16:06:34,603 INFO o.a.j.t.JMeterThread: Thread started: TG - Spike burst 1 (300 VU) 2-80
2026-08-15 16:06:34,620 INFO o.a.j.t.JMeterThread: Thread started: TG - Spike burst 1 (300 VU) 2-81
2026-08-15 16:06:34,638 INFO o.a.j.t.JMeterThread: Thread started: TG - Spike burst 1 (300 VU) 2-82
2026-08-15 16:06:34,649 INFO o.a.j.t.JMeterThread: Thread started: TG - Spike burst 1 (300 VU) 2-83
2026-08-15 16:06:34,669 INFO o.a.j.t.JMeterThread: Thread started: TG - Spike burst 1 (300 VU) 2-84
2026-08-15 16:06:34,686 INFO o.a.j.t.JMeterThread: Thread started: TG - Spike burst 1 (300 VU) 2-85
2026-08-15 16:06:34,702 INFO o.a.j.t.JMeterThread: Thread started: TG - Spike burst 1 (300 VU) 2-86
2026-08-15 16:06:34,721 INFO o.a.j.t.JMeterThread: Thread started: TG - Spike burst 1 (300 VU) 2-87
2026-08-15 16:06:34,732 INFO o.a.j.t.JMeterThread: Thread started: TG - Spike burst 1 (300 VU) 2-88
2026-08-15 16:06:34,755 INFO o.a.j.t.JMeterThread: Thread started: TG - Spike burst 1 (300 VU) 2-89
2026-08-15 16:06:34,770 INFO o.a.j.t.JMeterThread: Thread started: TG - Spike burst 1 (300 VU) 2-90
2026-08-15 16:06:34,785 INFO o.a.j.t.JMeterThread: Thread started: TG - Spike burst 1 (300 VU) 2-91
2026-08-15 16:06:34,805 INFO o.a.j.t.JMeterThread: Thread started: TG - Spike burst 1 (300 VU) 2-92
2026-08-15 16:06:34,824 INFO o.a.j.t.JMeterThread: Thread started: TG - Spike burst 1 (300 VU) 2-93
2026-08-15 16:06:34,842 INFO o.a.j.t.JMeterThread: Thread started: TG - Spike burst 1 (300 VU) 2-94
2026-08-15 16:06:34,855 INFO o.a.j.t.JMeterThread: Thread started: TG - Spike burst 1 (300 VU) 2-95
2026-08-15 16:06:34,873 INFO o.a.j.t.JMeterThread: Thread started: TG - Spike burst 1 (300 VU) 2-96
2026-08-15 16:06:34,890 INFO o.a.j.t.JMeterThread: Thread started: TG - Spike burst 1 (300 VU) 2-97
2026-08-15 16:06:34,907 INFO o.a.j.t.JMeterThread: Thread started: TG - Spike burst 1 (300 VU) 2-98
2026-08-15 16:06:34,925 INFO o.a.j.t.JMeterThread: Thread started: TG - Spike burst 1 (300 VU) 2-99
2026-08-15 16:06:34,942 INFO o.a.j.t.JMeterThread: Thread started: TG - Spike burst 1 (300 VU) 2-100
2026-08-15 16:06:34,959 INFO o.a.j.t.JMeterThread: Thread started: TG - Spike burst 1 (300 VU) 2-101
2026-08-15 16:06:34,979 INFO o.a.j.t.JMeterThread: Thread started: TG - Spike burst 1 (300 VU) 2-102
2026-08-15 16:06:34,991 INFO o.a.j.t.JMeterThread: Thread started: TG - Spike burst 1 (300 VU) 2-103
2026-08-15 16:06:35,011 INFO o.a.j.t.JMeterThread: Thread started: TG - Spike burst 1 (300 VU) 2-104
2026-08-15 16:06:35,029 INFO o.a.j.t.JMeterThread: Thread started: TG - Spike burst 1 (300 VU) 2-105
2026-08-15 16:06:35,046 INFO o.a.j.t.JMeterThread: Thread started: TG - Spike burst 1 (300 VU) 2-106
2026-08-15 16:06:35,062 INFO o.a.j.t.JMeterThread: Thread started: TG - Spike burst 1 (300 VU) 2-107
2026-08-15 16:06:35,079 INFO o.a.j.t.JMeterThread: Thread started: TG - Spike burst 1 (300 VU) 2-108
2026-08-15 16:06:35,095 INFO o.a.j.t.JMeterThread: Thread started: TG - Spike burst 1 (300 VU) 2-109
2026-08-15 16:06:35,113 INFO o.a.j.t.JMeterThread: Thread started: TG - Spike burst 1 (300 VU) 2-110
2026-08-15 16:06:35,130 INFO o.a.j.t.JMeterThread: Thread started: TG - Spike burst 1 (300 VU) 2-111
2026-08-15 16:06:35,147 INFO o.a.j.t.JMeterThread: Thread started: TG - Spike burst 1 (300 VU) 2-112
2026-08-15 16:06:35,165 INFO o.a.j.t.JMeterThread: Thread started: TG - Spike burst 1 (300 VU) 2-113
2026-08-15 16:06:35,182 INFO o.a.j.t.JMeterThread: Thread started: TG - Spike burst 1 (300 VU) 2-114
2026-08-15 16:06:35,196 INFO o.a.j.t.JMeterThread: Thread started: TG - Spike burst 1 (300 VU) 2-115
2026-08-15 16:06:35,214 INFO o.a.j.t.JMeterThread: Thread started: TG - Spike burst 1 (300 VU) 2-116
2026-08-15 16:06:35,231 INFO o.a.j.t.JMeterThread: Thread started: TG - Spike burst 1 (300 VU) 2-117
2026-08-15 16:06:35,244 INFO o.a.j.t.JMeterThread: Thread started: TG - Spike burst 1 (300 VU) 2-118
2026-08-15 16:06:35,265 INFO o.a.j.t.JMeterThread: Thread started: TG - Spike burst 1 (300 VU) 2-119
2026-08-15 16:06:35,282 INFO o.a.j.t.JMeterThread: Thread started: TG - Spike burst 1 (300 VU) 2-120
2026-08-15 16:06:35,294 INFO o.a.j.t.JMeterThread: Thread started: TG - Spike burst 1 (300 VU) 2-121
2026-08-15 16:06:35,316 INFO o.a.j.t.JMeterThread: Thread started: TG - Spike burst 1 (300 VU) 2-122
2026-08-15 16:06:35,331 INFO o.a.j.t.JMeterThread: Thread started: TG - Spike burst 1 (300 VU) 2-123
2026-08-15 16:06:35,348 INFO o.a.j.t.JMeterThread: Thread started: TG - Spike burst 1 (300 VU) 2-124
2026-08-15 16:06:35,367 INFO o.a.j.t.JMeterThread: Thread started: TG - Spike burst 1 (300 VU) 2-125
2026-08-15 16:06:35,379 INFO o.a.j.t.JMeterThread: Thread started: TG - Spike burst 1 (300 VU) 2-126
2026-08-15 16:06:35,399 INFO o.a.j.t.JMeterThread: Thread started: TG - Spike burst 1 (300 VU) 2-127
2026-08-15 16:06:35,416 INFO o.a.j.t.JMeterThread: Thread started: TG - Spike burst 1 (300 VU) 2-128
2026-08-15 16:06:35,434 INFO o.a.j.t.JMeterThread: Thread started: TG - Spike burst 1 (300 VU) 2-129
2026-08-15 16:06:35,454 INFO o.a.j.t.JMeterThread: Thread started: TG - Spike burst 1 (300 VU) 2-130
2026-08-15 16:06:35,471 INFO o.a.j.t.JMeterThread: Thread started: TG - Spike burst 1 (300 VU) 2-131
2026-08-15 16:06:35,489 INFO o.a.j.t.JMeterThread: Thread started: TG - Spike burst 1 (300 VU) 2-132
2026-08-15 16:06:35,505 INFO o.a.j.t.JMeterThread: Thread started: TG - Spike burst 1 (300 VU) 2-133
2026-08-15 16:06:35,517 INFO o.a.j.t.JMeterThread: Thread started: TG - Spike burst 1 (300 VU) 2-134
2026-08-15 16:06:35,534 INFO o.a.j.t.JMeterThread: Thread started: TG - Spike burst 1 (300 VU) 2-135
2026-08-15 16:06:35,554 INFO o.a.j.t.JMeterThread: Thread started: TG - Spike burst 1 (300 VU) 2-136
2026-08-15 16:06:35,571 INFO o.a.j.t.JMeterThread: Thread started: TG - Spike burst 1 (300 VU) 2-137
2026-08-15 16:06:35,583 INFO o.a.j.t.JMeterThread: Thread started: TG - Spike burst 1 (300 VU) 2-138
2026-08-15 16:06:35,606 INFO o.a.j.t.JMeterThread: Thread started: TG - Spike burst 1 (300 VU) 2-139
2026-08-15 16:06:35,620 INFO o.a.j.t.JMeterThread: Thread started: TG - Spike burst 1 (300 VU) 2-140
2026-08-15 16:06:35,640 INFO o.a.j.t.JMeterThread: Thread started: TG - Spike burst 1 (300 VU) 2-141
2026-08-15 16:06:35,657 INFO o.a.j.t.JMeterThread: Thread started: TG - Spike burst 1 (300 VU) 2-142
2026-08-15 16:06:35,670 INFO o.a.j.t.JMeterThread: Thread started: TG - Spike burst 1 (300 VU) 2-143
2026-08-15 16:06:35,691 INFO o.a.j.t.JMeterThread: Thread started: TG - Spike burst 1 (300 VU) 2-144
2026-08-15 16:06:35,708 INFO o.a.j.t.JMeterThread: Thread started: TG - Spike burst 1 (300 VU) 2-145
2026-08-15 16:06:35,725 INFO o.a.j.t.JMeterThread: Thread started: TG - Spike burst 1 (300 VU) 2-146
2026-08-15 16:06:35,738 INFO o.a.j.t.JMeterThread: Thread started: TG - Spike burst 1 (300 VU) 2-147
2026-08-15 16:06:35,759 INFO o.a.j.t.JMeterThread: Thread started: TG - Spike burst 1 (300 VU) 2-148
2026-08-15 16:06:35,775 INFO o.a.j.t.JMeterThread: Thread started: TG - Spike burst 1 (300 VU) 2-149
2026-08-15 16:06:35,792 INFO o.a.j.t.JMeterThread: Thread started: TG - Spike burst 1 (300 VU) 2-150
2026-08-15 16:06:35,809 INFO o.a.j.t.JMeterThread: Thread started: TG - Spike burst 1 (300 VU) 2-151
2026-08-15 16:06:35,826 INFO o.a.j.t.JMeterThread: Thread started: TG - Spike burst 1 (300 VU) 2-152
2026-08-15 16:06:35,842 INFO o.a.j.t.JMeterThread: Thread started: TG - Spike burst 1 (300 VU) 2-153
2026-08-15 16:06:35,858 INFO o.a.j.t.JMeterThread: Thread started: TG - Spike burst 1 (300 VU) 2-154
2026-08-15 16:06:35,875 INFO o.a.j.t.JMeterThread: Thread started: TG - Spike burst 1 (300 VU) 2-155
2026-08-15 16:06:35,894 INFO o.a.j.t.JMeterThread: Thread started: TG - Spike burst 1 (300 VU) 2-156
2026-08-15 16:06:35,910 INFO o.a.j.t.JMeterThread: Thread started: TG - Spike burst 1 (300 VU) 2-157
2026-08-15 16:06:35,926 INFO o.a.j.t.JMeterThread: Thread started: TG - Spike burst 1 (300 VU) 2-158
2026-08-15 16:06:35,944 INFO o.a.j.t.JMeterThread: Thread started: TG - Spike burst 1 (300 VU) 2-159
2026-08-15 16:06:35,959 INFO o.a.j.t.JMeterThread: Thread started: TG - Spike burst 1 (300 VU) 2-160
2026-08-15 16:06:35,977 INFO o.a.j.t.JMeterThread: Thread started: TG - Spike burst 1 (300 VU) 2-161
2026-08-15 16:06:35,993 INFO o.a.j.t.JMeterThread: Thread started: TG - Spike burst 1 (300 VU) 2-162
2026-08-15 16:06:36,010 INFO o.a.j.t.JMeterThread: Thread started: TG - Spike burst 1 (300 VU) 2-163
2026-08-15 16:06:36,028 INFO o.a.j.t.JMeterThread: Thread started: TG - Spike burst 1 (300 VU) 2-164
2026-08-15 16:06:36,049 INFO o.a.j.t.JMeterThread: Thread started: TG - Spike burst 1 (300 VU) 2-165
2026-08-15 16:06:36,063 INFO o.a.j.t.JMeterThread: Thread started: TG - Spike burst 1 (300 VU) 2-166
2026-08-15 16:06:36,079 INFO o.a.j.t.JMeterThread: Thread started: TG - Spike burst 1 (300 VU) 2-167
2026-08-15 16:06:36,100 INFO o.a.j.t.JMeterThread: Thread started: TG - Spike burst 1 (300 VU) 2-168
2026-08-15 16:06:36,112 INFO o.a.j.t.JMeterThread: Thread started: TG - Spike burst 1 (300 VU) 2-169
2026-08-15 16:06:36,133 INFO o.a.j.t.JMeterThread: Thread started: TG - Spike burst 1 (300 VU) 2-170
2026-08-15 16:06:36,150 INFO o.a.j.t.JMeterThread: Thread started: TG - Spike burst 1 (300 VU) 2-171
2026-08-15 16:06:36,165 INFO o.a.j.t.JMeterThread: Thread started: TG - Spike burst 1 (300 VU) 2-172
2026-08-15 16:06:36,182 INFO o.a.j.t.JMeterThread: Thread started: TG - Spike burst 1 (300 VU) 2-173
2026-08-15 16:06:36,200 INFO o.a.j.t.JMeterThread: Thread started: TG - Spike burst 1 (300 VU) 2-174
2026-08-15 16:06:36,217 INFO o.a.j.t.JMeterThread: Thread started: TG - Spike burst 1 (300 VU) 2-175
2026-08-15 16:06:36,234 INFO o.a.j.t.JMeterThread: Thread started: TG - Spike burst 1 (300 VU) 2-176
2026-08-15 16:06:36,249 INFO o.a.j.t.JMeterThread: Thread started: TG - Spike burst 1 (300 VU) 2-177
2026-08-15 16:06:36,268 INFO o.a.j.t.JMeterThread: Thread started: TG - Spike burst 1 (300 VU) 2-178
2026-08-15 16:06:36,279 INFO o.a.j.t.JMeterThread: Thread started: TG - Spike burst 1 (300 VU) 2-179
2026-08-15 16:06:36,303 INFO o.a.j.t.JMeterThread: Thread started: TG - Spike burst 1 (300 VU) 2-180
2026-08-15 16:06:36,316 INFO o.a.j.t.JMeterThread: Thread started: TG - Spike burst 1 (300 VU) 2-181
2026-08-15 16:06:36,338 INFO o.a.j.t.JMeterThread: Thread started: TG - Spike burst 1 (300 VU) 2-182
2026-08-15 16:06:36,354 INFO o.a.j.t.JMeterThread: Thread started: TG - Spike burst 1 (300 VU) 2-183
2026-08-15 16:06:36,370 INFO o.a.j.t.JMeterThread: Thread started: TG - Spike burst 1 (300 VU) 2-184
2026-08-15 16:06:36,384 INFO o.a.j.t.JMeterThread: Thread started: TG - Spike burst 1 (300 VU) 2-185
2026-08-15 16:06:36,405 INFO o.a.j.t.JMeterThread: Thread started: TG - Spike burst 1 (300 VU) 2-186
2026-08-15 16:06:36,421 INFO o.a.j.t.JMeterThread: Thread started: TG - Spike burst 1 (300 VU) 2-187
2026-08-15 16:06:36,438 INFO o.a.j.t.JMeterThread: Thread started: TG - Spike burst 1 (300 VU) 2-188
2026-08-15 16:06:36,451 INFO o.a.j.t.JMeterThread: Thread started: TG - Spike burst 1 (300 VU) 2-189
2026-08-15 16:06:36,473 INFO o.a.j.t.JMeterThread: Thread started: TG - Spike burst 1 (300 VU) 2-190
2026-08-15 16:06:36,488 INFO o.a.j.t.JMeterThread: Thread started: TG - Spike burst 1 (300 VU) 2-191
2026-08-15 16:06:36,507 INFO o.a.j.t.JMeterThread: Thread started: TG - Spike burst 1 (300 VU) 2-192
2026-08-15 16:06:36,519 INFO o.a.j.t.JMeterThread: Thread started: TG - Spike burst 1 (300 VU) 2-193
2026-08-15 16:06:36,536 INFO o.a.j.t.JMeterThread: Thread started: TG - Spike burst 1 (300 VU) 2-194
2026-08-15 16:06:36,554 INFO o.a.j.t.JMeterThread: Thread started: TG - Spike burst 1 (300 VU) 2-195
2026-08-15 16:06:36,573 INFO o.a.j.t.JMeterThread: Thread started: TG - Spike burst 1 (300 VU) 2-196
2026-08-15 16:06:36,587 INFO o.a.j.t.JMeterThread: Thread started: TG - Spike burst 1 (300 VU) 2-197
2026-08-15 16:06:36,608 INFO o.a.j.t.JMeterThread: Thread started: TG - Spike burst 1 (300 VU) 2-198
2026-08-15 16:06:36,624 INFO o.a.j.t.JMeterThread: Thread started: TG - Spike burst 1 (300 VU) 2-199
2026-08-15 16:06:36,640 INFO o.a.j.t.JMeterThread: Thread started: TG - Spike burst 1 (300 VU) 2-200
2026-08-15 16:06:36,656 INFO o.a.j.t.JMeterThread: Thread started: TG - Spike burst 1 (300 VU) 2-201
2026-08-15 16:06:36,673 INFO o.a.j.t.JMeterThread: Thread started: TG - Spike burst 1 (300 VU) 2-202
2026-08-15 16:06:36,691 INFO o.a.j.t.JMeterThread: Thread started: TG - Spike burst 1 (300 VU) 2-203
2026-08-15 16:06:36,708 INFO o.a.j.t.JMeterThread: Thread started: TG - Spike burst 1 (300 VU) 2-204
2026-08-15 16:06:36,723 INFO o.a.j.t.JMeterThread: Thread started: TG - Spike burst 1 (300 VU) 2-205
2026-08-15 16:06:36,743 INFO o.a.j.t.JMeterThread: Thread started: TG - Spike burst 1 (300 VU) 2-206
2026-08-15 16:06:36,758 INFO o.a.j.t.JMeterThread: Thread started: TG - Spike burst 1 (300 VU) 2-207
2026-08-15 16:06:36,777 INFO o.a.j.t.JMeterThread: Thread started: TG - Spike burst 1 (300 VU) 2-208
2026-08-15 16:06:36,794 INFO o.a.j.t.JMeterThread: Thread started: TG - Spike burst 1 (300 VU) 2-209
2026-08-15 16:06:36,811 INFO o.a.j.t.JMeterThread: Thread started: TG - Spike burst 1 (300 VU) 2-210
2026-08-15 16:06:36,827 INFO o.a.j.t.JMeterThread: Thread started: TG - Spike burst 1 (300 VU) 2-211
2026-08-15 16:06:36,847 INFO o.a.j.t.JMeterThread: Thread started: TG - Spike burst 1 (300 VU) 2-212
2026-08-15 16:06:36,864 INFO o.a.j.t.JMeterThread: Thread started: TG - Spike burst 1 (300 VU) 2-213
2026-08-15 16:06:36,879 INFO o.a.j.t.JMeterThread: Thread started: TG - Spike burst 1 (300 VU) 2-214
2026-08-15 16:06:36,895 INFO o.a.j.t.JMeterThread: Thread started: TG - Spike burst 1 (300 VU) 2-215
2026-08-15 16:06:36,913 INFO o.a.j.t.JMeterThread: Thread started: TG - Spike burst 1 (300 VU) 2-216
2026-08-15 16:06:36,930 INFO o.a.j.t.JMeterThread: Thread started: TG - Spike burst 1 (300 VU) 2-217
2026-08-15 16:06:36,948 INFO o.a.j.t.JMeterThread: Thread started: TG - Spike burst 1 (300 VU) 2-218
2026-08-15 16:06:36,962 INFO o.a.j.t.JMeterThread: Thread started: TG - Spike burst 1 (300 VU) 2-219
2026-08-15 16:06:36,982 INFO o.a.j.t.JMeterThread: Thread started: TG - Spike burst 1 (300 VU) 2-220
2026-08-15 16:06:36,995 INFO o.a.j.t.JMeterThread: Thread started: TG - Spike burst 1 (300 VU) 2-221
2026-08-15 16:06:37,011 INFO o.a.j.t.JMeterThread: Thread started: TG - Spike burst 1 (300 VU) 2-222
2026-08-15 16:06:37,028 INFO o.a.j.t.JMeterThread: Thread started: TG - Spike burst 1 (300 VU) 2-223
2026-08-15 16:06:37,049 INFO o.a.j.t.JMeterThread: Thread started: TG - Spike burst 1 (300 VU) 2-224
2026-08-15 16:06:37,065 INFO o.a.j.t.JMeterThread: Thread started: TG - Spike burst 1 (300 VU) 2-225
2026-08-15 16:06:37,083 INFO o.a.j.t.JMeterThread: Thread started: TG - Spike burst 1 (300 VU) 2-226
2026-08-15 16:06:37,101 INFO o.a.j.t.JMeterThread: Thread started: TG - Spike burst 1 (300 VU) 2-227
2026-08-15 16:06:37,118 INFO o.a.j.t.JMeterThread: Thread started: TG - Spike burst 1 (300 VU) 2-228
2026-08-15 16:06:37,134 INFO o.a.j.t.JMeterThread: Thread started: TG - Spike burst 1 (300 VU) 2-229
2026-08-15 16:06:37,149 INFO o.a.j.t.JMeterThread: Thread started: TG - Spike burst 1 (300 VU) 2-230
2026-08-15 16:06:37,168 INFO o.a.j.t.JMeterThread: Thread started: TG - Spike burst 1 (300 VU) 2-231
2026-08-15 16:06:37,187 INFO o.a.j.t.JMeterThread: Thread started: TG - Spike burst 1 (300 VU) 2-232
2026-08-15 16:06:37,204 INFO o.a.j.t.JMeterThread: Thread started: TG - Spike burst 1 (300 VU) 2-233
2026-08-15 16:06:37,221 INFO o.a.j.t.JMeterThread: Thread started: TG - Spike burst 1 (300 VU) 2-234
2026-08-15 16:06:37,238 INFO o.a.j.t.JMeterThread: Thread started: TG - Spike burst 1 (300 VU) 2-235
2026-08-15 16:06:37,255 INFO o.a.j.t.JMeterThread: Thread started: TG - Spike burst 1 (300 VU) 2-236
2026-08-15 16:06:37,271 INFO o.a.j.t.JMeterThread: Thread started: TG - Spike burst 1 (300 VU) 2-237
2026-08-15 16:06:37,288 INFO o.a.j.t.JMeterThread: Thread started: TG - Spike burst 1 (300 VU) 2-238
2026-08-15 16:06:37,304 INFO o.a.j.t.JMeterThread: Thread started: TG - Spike burst 1 (300 VU) 2-239
2026-08-15 16:06:37,318 INFO o.a.j.t.JMeterThread: Thread started: TG - Spike burst 1 (300 VU) 2-240
2026-08-15 16:06:37,336 INFO o.a.j.t.JMeterThread: Thread started: TG - Spike burst 1 (300 VU) 2-241
2026-08-15 16:06:37,355 INFO o.a.j.t.JMeterThread: Thread started: TG - Spike burst 1 (300 VU) 2-242
2026-08-15 16:06:37,370 INFO o.a.j.t.JMeterThread: Thread started: TG - Spike burst 1 (300 VU) 2-243
2026-08-15 16:06:37,385 INFO o.a.j.t.JMeterThread: Thread started: TG - Spike burst 1 (300 VU) 2-244
2026-08-15 16:06:37,406 INFO o.a.j.t.JMeterThread: Thread started: TG - Spike burst 1 (300 VU) 2-245
2026-08-15 16:06:37,421 INFO o.a.j.t.JMeterThread: Thread started: TG - Spike burst 1 (300 VU) 2-246
2026-08-15 16:06:37,443 INFO o.a.j.t.JMeterThread: Thread started: TG - Spike burst 1 (300 VU) 2-247
2026-08-15 16:06:37,458 INFO o.a.j.t.JMeterThread: Thread started: TG - Spike burst 1 (300 VU) 2-248
2026-08-15 16:06:37,474 INFO o.a.j.t.JMeterThread: Thread started: TG - Spike burst 1 (300 VU) 2-249
2026-08-15 16:06:37,490 INFO o.a.j.t.JMeterThread: Thread started: TG - Spike burst 1 (300 VU) 2-250
2026-08-15 16:06:37,509 INFO o.a.j.t.JMeterThread: Thread started: TG - Spike burst 1 (300 VU) 2-251
2026-08-15 16:06:37,527 INFO o.a.j.t.JMeterThread: Thread started: TG - Spike burst 1 (300 VU) 2-252
2026-08-15 16:06:37,546 INFO o.a.j.t.JMeterThread: Thread started: TG - Spike burst 1 (300 VU) 2-253
2026-08-15 16:06:37,558 INFO o.a.j.t.JMeterThread: Thread started: TG - Spike burst 1 (300 VU) 2-254
2026-08-15 16:06:37,574 INFO o.a.j.t.JMeterThread: Thread started: TG - Spike burst 1 (300 VU) 2-255
2026-08-15 16:06:37,594 INFO o.a.j.t.JMeterThread: Thread started: TG - Spike burst 1 (300 VU) 2-256
2026-08-15 16:06:37,611 INFO o.a.j.t.JMeterThread: Thread started: TG - Spike burst 1 (300 VU) 2-257
2026-08-15 16:06:37,624 INFO o.a.j.t.JMeterThread: Thread started: TG - Spike burst 1 (300 VU) 2-258
2026-08-15 16:06:37,645 INFO o.a.j.t.JMeterThread: Thread started: TG - Spike burst 1 (300 VU) 2-259
2026-08-15 16:06:37,661 INFO o.a.j.t.JMeterThread: Thread started: TG - Spike burst 1 (300 VU) 2-260
2026-08-15 16:06:37,678 INFO o.a.j.t.JMeterThread: Thread started: TG - Spike burst 1 (300 VU) 2-261
2026-08-15 16:06:37,691 INFO o.a.j.t.JMeterThread: Thread started: TG - Spike burst 1 (300 VU) 2-262
2026-08-15 16:06:37,714 INFO o.a.j.t.JMeterThread: Thread started: TG - Spike burst 1 (300 VU) 2-263
2026-08-15 16:06:37,732 INFO o.a.j.t.JMeterThread: Thread started: TG - Spike burst 1 (300 VU) 2-264
2026-08-15 16:06:37,743 INFO o.a.j.t.JMeterThread: Thread started: TG - Spike burst 1 (300 VU) 2-265
2026-08-15 16:06:37,765 INFO o.a.j.t.JMeterThread: Thread started: TG - Spike burst 1 (300 VU) 2-266
2026-08-15 16:06:37,782 INFO o.a.j.t.JMeterThread: Thread started: TG - Spike burst 1 (300 VU) 2-267
2026-08-15 16:06:37,800 INFO o.a.j.t.JMeterThread: Thread started: TG - Spike burst 1 (300 VU) 2-268
2026-08-15 16:06:37,814 INFO o.a.j.t.JMeterThread: Thread started: TG - Spike burst 1 (300 VU) 2-269
2026-08-15 16:06:37,833 INFO o.a.j.t.JMeterThread: Thread started: TG - Spike burst 1 (300 VU) 2-270
2026-08-15 16:06:37,847 INFO o.a.j.t.JMeterThread: Thread started: TG - Spike burst 1 (300 VU) 2-271
2026-08-15 16:06:37,867 INFO o.a.j.t.JMeterThread: Thread started: TG - Spike burst 1 (300 VU) 2-272
2026-08-15 16:06:37,883 INFO o.a.j.t.JMeterThread: Thread started: TG - Spike burst 1 (300 VU) 2-273
2026-08-15 16:06:37,901 INFO o.a.j.t.JMeterThread: Thread started: TG - Spike burst 1 (300 VU) 2-274
2026-08-15 16:06:37,919 INFO o.a.j.t.JMeterThread: Thread started: TG - Spike burst 1 (300 VU) 2-275
2026-08-15 16:06:37,933 INFO o.a.j.t.JMeterThread: Thread started: TG - Spike burst 1 (300 VU) 2-276
2026-08-15 16:06:37,949 INFO o.a.j.t.JMeterThread: Thread started: TG - Spike burst 1 (300 VU) 2-277
2026-08-15 16:06:37,968 INFO o.a.j.t.JMeterThread: Thread started: TG - Spike burst 1 (300 VU) 2-278
2026-08-15 16:06:37,985 INFO o.a.j.t.JMeterThread: Thread started: TG - Spike burst 1 (300 VU) 2-279
2026-08-15 16:06:38,001 INFO o.a.j.t.JMeterThread: Thread started: TG - Spike burst 1 (300 VU) 2-280
2026-08-15 16:06:38,015 INFO o.a.j.t.JMeterThread: Thread started: TG - Spike burst 1 (300 VU) 2-281
2026-08-15 16:06:38,037 INFO o.a.j.t.JMeterThread: Thread started: TG - Spike burst 1 (300 VU) 2-282
2026-08-15 16:06:38,054 INFO o.a.j.t.JMeterThread: Thread started: TG - Spike burst 1 (300 VU) 2-283
2026-08-15 16:06:38,069 INFO o.a.j.t.JMeterThread: Thread started: TG - Spike burst 1 (300 VU) 2-284
2026-08-15 16:06:38,088 INFO o.a.j.t.JMeterThread: Thread started: TG - Spike burst 1 (300 VU) 2-285
2026-08-15 16:06:38,102 INFO o.a.j.t.JMeterThread: Thread started: TG - Spike burst 1 (300 VU) 2-286
2026-08-15 16:06:38,121 INFO o.a.j.t.JMeterThread: Thread started: TG - Spike burst 1 (300 VU) 2-287
2026-08-15 16:06:38,132 INFO o.a.j.t.JMeterThread: Thread started: TG - Spike burst 1 (300 VU) 2-288
2026-08-15 16:06:38,155 INFO o.a.j.t.JMeterThread: Thread started: TG - Spike burst 1 (300 VU) 2-289
2026-08-15 16:06:38,170 INFO o.a.j.t.JMeterThread: Thread started: TG - Spike burst 1 (300 VU) 2-290
2026-08-15 16:06:38,191 INFO o.a.j.t.JMeterThread: Thread started: TG - Spike burst 1 (300 VU) 2-291
2026-08-15 16:06:38,204 INFO o.a.j.t.JMeterThread: Thread started: TG - Spike burst 1 (300 VU) 2-292
2026-08-15 16:06:38,225 INFO o.a.j.t.JMeterThread: Thread started: TG - Spike burst 1 (300 VU) 2-293
2026-08-15 16:06:38,242 INFO o.a.j.t.JMeterThread: Thread started: TG - Spike burst 1 (300 VU) 2-294
2026-08-15 16:06:38,256 INFO o.a.j.t.JMeterThread: Thread started: TG - Spike burst 1 (300 VU) 2-295
2026-08-15 16:06:38,276 INFO o.a.j.t.JMeterThread: Thread started: TG - Spike burst 1 (300 VU) 2-296
2026-08-15 16:06:38,292 INFO o.a.j.t.JMeterThread: Thread started: TG - Spike burst 1 (300 VU) 2-297
2026-08-15 16:06:38,308 INFO o.a.j.t.JMeterThread: Thread started: TG - Spike burst 1 (300 VU) 2-298
2026-08-15 16:06:38,321 INFO o.a.j.t.JMeterThread: Thread started: TG - Spike burst 1 (300 VU) 2-299
2026-08-15 16:06:38,341 INFO o.a.j.t.JMeterThread: Thread started: TG - Spike burst 1 (300 VU) 2-300
2026-08-15 16:07:00,032 INFO o.a.j.r.Summariser: summary + 101165 in 00:00:30 = 3374.6/s Avg:    71 Min:     0 Max:   507 Err:     0 (0.00%) Active: 320 Started: 320 Finished: 0
2026-08-15 16:07:00,032 INFO o.a.j.r.Summariser: summary = 101914 in 00:01:57 =  872.6/s Avg:    71 Min:     0 Max:   507 Err:     0 (0.00%)
2026-08-15 16:07:30,000 INFO o.a.j.r.Summariser: summary + 117801 in 00:00:30 = 3930.9/s Avg:    76 Min:     0 Max:   247 Err:     0 (0.00%) Active: 320 Started: 320 Finished: 0
2026-08-15 16:07:30,000 INFO o.a.j.r.Summariser: summary = 219715 in 00:02:27 = 1497.0/s Avg:    73 Min:     0 Max:   507 Err:     0 (0.00%)
2026-08-15 16:07:33,347 INFO o.a.j.t.JMeterThread: Stopping because end time detected by thread: TG - Spike burst 1 (300 VU) 2-277
2026-08-15 16:07:33,347 INFO o.a.j.t.JMeterThread: Stopping because end time detected by thread: TG - Spike burst 1 (300 VU) 2-54
2026-08-15 16:07:33,347 INFO o.a.j.t.JMeterThread: Stopping because end time detected by thread: TG - Spike burst 1 (300 VU) 2-202
2026-08-15 16:07:33,347 INFO o.a.j.t.JMeterThread: Stopping because end time detected by thread: TG - Spike burst 1 (300 VU) 2-198
2026-08-15 16:07:33,347 INFO o.a.j.t.JMeterThread: Stopping because end time detected by thread: TG - Spike burst 1 (300 VU) 2-144
2026-08-15 16:07:33,347 INFO o.a.j.t.JMeterThread: Stopping because end time detected by thread: TG - Spike burst 1 (300 VU) 2-280
2026-08-15 16:07:33,347 INFO o.a.j.t.JMeterThread: Stopping because end time detected by thread: TG - Spike burst 1 (300 VU) 2-93
2026-08-15 16:07:33,347 INFO o.a.j.t.JMeterThread: Thread finished: TG - Spike burst 1 (300 VU) 2-277
2026-08-15 16:07:33,347 INFO o.a.j.t.JMeterThread: Thread finished: TG - Spike burst 1 (300 VU) 2-198
2026-08-15 16:07:33,347 INFO o.a.j.t.JMeterThread: Stopping because end time detected by thread: TG - Spike burst 1 (300 VU) 2-122
2026-08-15 16:07:33,347 INFO o.a.j.t.JMeterThread: Thread finished: TG - Spike burst 1 (300 VU) 2-280
2026-08-15 16:07:33,347 INFO o.a.j.t.JMeterThread: Stopping because end time detected by thread: TG - Spike burst 1 (300 VU) 2-269
2026-08-15 16:07:33,347 INFO o.a.j.t.JMeterThread: Stopping because end time detected by thread: TG - Spike burst 1 (300 VU) 2-175
2026-08-15 16:07:33,347 INFO o.a.j.t.JMeterThread: Thread finished: TG - Spike burst 1 (300 VU) 2-175
2026-08-15 16:07:33,347 INFO o.a.j.t.JMeterThread: Stopping because end time detected by thread: TG - Spike burst 1 (300 VU) 2-270
2026-08-15 16:07:33,347 INFO o.a.j.t.JMeterThread: Stopping because end time detected by thread: TG - Spike burst 1 (300 VU) 2-252
2026-08-15 16:07:33,347 INFO o.a.j.t.JMeterThread: Stopping because end time detected by thread: TG - Spike burst 1 (300 VU) 2-226
2026-08-15 16:07:33,347 INFO o.a.j.t.JMeterThread: Stopping because end time detected by thread: TG - Spike burst 1 (300 VU) 2-40
2026-08-15 16:07:33,347 INFO o.a.j.t.JMeterThread: Thread finished: TG - Spike burst 1 (300 VU) 2-40
2026-08-15 16:07:33,347 INFO o.a.j.t.JMeterThread: Thread finished: TG - Spike burst 1 (300 VU) 2-226
2026-08-15 16:07:33,347 INFO o.a.j.t.JMeterThread: Stopping because end time detected by thread: TG - Spike burst 1 (300 VU) 2-223
2026-08-15 16:07:33,347 INFO o.a.j.t.JMeterThread: Stopping because end time detected by thread: TG - Spike burst 1 (300 VU) 2-110
2026-08-15 16:07:33,347 INFO o.a.j.t.JMeterThread: Thread finished: TG - Spike burst 1 (300 VU) 2-223
2026-08-15 16:07:33,347 INFO o.a.j.t.JMeterThread: Stopping because end time detected by thread: TG - Spike burst 1 (300 VU) 2-66
2026-08-15 16:07:33,347 INFO o.a.j.t.JMeterThread: Stopping because end time detected by thread: TG - Spike burst 1 (300 VU) 2-166
2026-08-15 16:07:33,347 INFO o.a.j.t.JMeterThread: Thread finished: TG - Spike burst 1 (300 VU) 2-144
2026-08-15 16:07:33,347 INFO o.a.j.t.JMeterThread: Stopping because end time detected by thread: TG - Spike burst 1 (300 VU) 2-235
2026-08-15 16:07:33,347 INFO o.a.j.t.JMeterThread: Stopping because end time detected by thread: TG - Spike burst 1 (300 VU) 2-46
2026-08-15 16:07:33,347 INFO o.a.j.t.JMeterThread: Stopping because end time detected by thread: TG - Spike burst 1 (300 VU) 2-115
2026-08-15 16:07:33,347 INFO o.a.j.t.JMeterThread: Thread finished: TG - Spike burst 1 (300 VU) 2-115
2026-08-15 16:07:33,347 INFO o.a.j.t.JMeterThread: Thread finished: TG - Spike burst 1 (300 VU) 2-122
2026-08-15 16:07:33,347 INFO o.a.j.t.JMeterThread: Stopping because end time detected by thread: TG - Spike burst 1 (300 VU) 2-167
2026-08-15 16:07:33,347 INFO o.a.j.t.JMeterThread: Thread finished: TG - Spike burst 1 (300 VU) 2-252
2026-08-15 16:07:33,347 INFO o.a.j.t.JMeterThread: Stopping because end time detected by thread: TG - Spike burst 1 (300 VU) 2-108
2026-08-15 16:07:33,347 INFO o.a.j.t.JMeterThread: Stopping because end time detected by thread: TG - Spike burst 1 (300 VU) 2-10
2026-08-15 16:07:33,347 INFO o.a.j.t.JMeterThread: Stopping because end time detected by thread: TG - Spike burst 1 (300 VU) 2-145
2026-08-15 16:07:33,347 INFO o.a.j.t.JMeterThread: Thread finished: TG - Spike burst 1 (300 VU) 2-167
2026-08-15 16:07:33,347 INFO o.a.j.t.JMeterThread: Thread finished: TG - Spike burst 1 (300 VU) 2-10
2026-08-15 16:07:33,348 INFO o.a.j.t.JMeterThread: Thread finished: TG - Spike burst 1 (300 VU) 2-145
2026-08-15 16:07:33,348 INFO o.a.j.t.JMeterThread: Stopping because end time detected by thread: TG - Spike burst 1 (300 VU) 2-257
2026-08-15 16:07:33,348 INFO o.a.j.t.JMeterThread: Thread finished: TG - Spike burst 1 (300 VU) 2-257
2026-08-15 16:07:33,347 INFO o.a.j.t.JMeterThread: Stopping because end time detected by thread: TG - Spike burst 1 (300 VU) 2-225
2026-08-15 16:07:33,348 INFO o.a.j.t.JMeterThread: Thread finished: TG - Spike burst 1 (300 VU) 2-108
2026-08-15 16:07:33,347 INFO o.a.j.t.JMeterThread: Thread finished: TG - Spike burst 1 (300 VU) 2-269
2026-08-15 16:07:33,348 INFO o.a.j.t.JMeterThread: Stopping because end time detected by thread: TG - Spike burst 1 (300 VU) 2-114
2026-08-15 16:07:33,348 INFO o.a.j.t.JMeterThread: Thread finished: TG - Spike burst 1 (300 VU) 2-114
2026-08-15 16:07:33,347 INFO o.a.j.t.JMeterThread: Thread finished: TG - Spike burst 1 (300 VU) 2-93
2026-08-15 16:07:33,348 INFO o.a.j.t.JMeterThread: Thread finished: TG - Spike burst 1 (300 VU) 2-270
2026-08-15 16:07:33,348 INFO o.a.j.t.JMeterThread: Stopping because end time detected by thread: TG - Spike burst 1 (300 VU) 2-205
2026-08-15 16:07:33,348 INFO o.a.j.t.JMeterThread: Thread finished: TG - Spike burst 1 (300 VU) 2-205
2026-08-15 16:07:33,347 INFO o.a.j.t.JMeterThread: Stopping because end time detected by thread: TG - Spike burst 1 (300 VU) 2-19
2026-08-15 16:07:33,348 INFO o.a.j.t.JMeterThread: Stopping because end time detected by thread: TG - Spike burst 1 (300 VU) 2-89
2026-08-15 16:07:33,347 INFO o.a.j.t.JMeterThread: Thread finished: TG - Spike burst 1 (300 VU) 2-202
2026-08-15 16:07:33,348 INFO o.a.j.t.JMeterThread: Thread finished: TG - Spike burst 1 (300 VU) 2-19
2026-08-15 16:07:33,348 INFO o.a.j.t.JMeterThread: Thread finished: TG - Spike burst 1 (300 VU) 2-89
2026-08-15 16:07:33,348 INFO o.a.j.t.JMeterThread: Stopping because end time detected by thread: TG - Spike burst 1 (300 VU) 2-119
2026-08-15 16:07:33,348 INFO o.a.j.t.JMeterThread: Thread finished: TG - Spike burst 1 (300 VU) 2-119
2026-08-15 16:07:33,348 INFO o.a.j.t.JMeterThread: Stopping because end time detected by thread: TG - Spike burst 1 (300 VU) 2-192
2026-08-15 16:07:33,348 INFO o.a.j.t.JMeterThread: Thread finished: TG - Spike burst 1 (300 VU) 2-192
2026-08-15 16:07:33,347 INFO o.a.j.t.JMeterThread: Thread finished: TG - Spike burst 1 (300 VU) 2-54
2026-08-15 16:07:33,348 INFO o.a.j.t.JMeterThread: Stopping because end time detected by thread: TG - Spike burst 1 (300 VU) 2-173
2026-08-15 16:07:33,348 INFO o.a.j.t.JMeterThread: Stopping because end time detected by thread: TG - Spike burst 1 (300 VU) 2-154
2026-08-15 16:07:33,348 INFO o.a.j.t.JMeterThread: Thread finished: TG - Spike burst 1 (300 VU) 2-173
2026-08-15 16:07:33,348 INFO o.a.j.t.JMeterThread: Thread finished: TG - Spike burst 1 (300 VU) 2-154
2026-08-15 16:07:33,347 INFO o.a.j.t.JMeterThread: Stopping because end time detected by thread: TG - Spike burst 1 (300 VU) 2-171
2026-08-15 16:07:33,348 INFO o.a.j.t.JMeterThread: Stopping because end time detected by thread: TG - Spike burst 1 (300 VU) 2-251
2026-08-15 16:07:33,348 INFO o.a.j.t.JMeterThread: Stopping because end time detected by thread: TG - Spike burst 1 (300 VU) 2-52
2026-08-15 16:07:33,348 INFO o.a.j.t.JMeterThread: Stopping because end time detected by thread: TG - Spike burst 1 (300 VU) 2-209
2026-08-15 16:07:33,348 INFO o.a.j.t.JMeterThread: Stopping because end time detected by thread: TG - Spike burst 1 (300 VU) 2-44
2026-08-15 16:07:33,348 INFO o.a.j.t.JMeterThread: Thread finished: TG - Spike burst 1 (300 VU) 2-251
2026-08-15 16:07:33,348 INFO o.a.j.t.JMeterThread: Thread finished: TG - Spike burst 1 (300 VU) 2-52
2026-08-15 16:07:33,348 INFO o.a.j.t.JMeterThread: Stopping because end time detected by thread: TG - Spike burst 1 (300 VU) 2-148
2026-08-15 16:07:33,348 INFO o.a.j.t.JMeterThread: Stopping because end time detected by thread: TG - Spike burst 1 (300 VU) 2-170
2026-08-15 16:07:33,348 INFO o.a.j.t.JMeterThread: Thread finished: TG - Spike burst 1 (300 VU) 2-170
2026-08-15 16:07:33,348 INFO o.a.j.t.JMeterThread: Stopping because end time detected by thread: TG - Spike burst 1 (300 VU) 2-84
2026-08-15 16:07:33,348 INFO o.a.j.t.JMeterThread: Stopping because end time detected by thread: TG - Spike burst 1 (300 VU) 2-218
2026-08-15 16:07:33,348 INFO o.a.j.t.JMeterThread: Stopping because end time detected by thread: TG - Spike burst 1 (300 VU) 2-256
2026-08-15 16:07:33,348 INFO o.a.j.t.JMeterThread: Stopping because end time detected by thread: TG - Spike burst 1 (300 VU) 2-194
2026-08-15 16:07:33,348 INFO o.a.j.t.JMeterThread: Stopping because end time detected by thread: TG - Spike burst 1 (300 VU) 2-176
2026-08-15 16:07:33,348 INFO o.a.j.t.JMeterThread: Thread finished: TG - Spike burst 1 (300 VU) 2-225
2026-08-15 16:07:33,347 INFO o.a.j.t.JMeterThread: Stopping because end time detected by thread: TG - Spike burst 1 (300 VU) 2-33
2026-08-15 16:07:33,349 INFO o.a.j.t.JMeterThread: Stopping because end time detected by thread: TG - Spike burst 1 (300 VU) 2-24
2026-08-15 16:07:33,349 INFO o.a.j.t.JMeterThread: Stopping because end time detected by thread: TG - Spike burst 1 (300 VU) 2-253
2026-08-15 16:07:33,347 INFO o.a.j.t.JMeterThread: Thread finished: TG - Spike burst 1 (300 VU) 2-46
2026-08-15 16:07:33,349 INFO o.a.j.t.JMeterThread: Thread finished: TG - Spike burst 1 (300 VU) 2-218
2026-08-15 16:07:33,349 INFO o.a.j.t.JMeterThread: Stopping because end time detected by thread: TG - Spike burst 1 (300 VU) 2-210
2026-08-15 16:07:33,349 INFO o.a.j.t.JMeterThread: Stopping because end time detected by thread: TG - Spike burst 1 (300 VU) 2-169
2026-08-15 16:07:33,349 INFO o.a.j.t.JMeterThread: Thread finished: TG - Spike burst 1 (300 VU) 2-194
2026-08-15 16:07:33,349 INFO o.a.j.t.JMeterThread: Stopping because end time detected by thread: TG - Spike burst 1 (300 VU) 2-132
2026-08-15 16:07:33,347 INFO o.a.j.t.JMeterThread: Thread finished: TG - Spike burst 1 (300 VU) 2-110
2026-08-15 16:07:33,349 INFO o.a.j.t.JMeterThread: Stopping because end time detected by thread: TG - Spike burst 1 (300 VU) 2-287
2026-08-15 16:07:33,349 INFO o.a.j.t.JMeterThread: Stopping because end time detected by thread: TG - Spike burst 1 (300 VU) 2-112
2026-08-15 16:07:33,347 INFO o.a.j.t.JMeterThread: Stopping because end time detected by thread: TG - Spike burst 1 (300 VU) 2-1
2026-08-15 16:07:33,347 INFO o.a.j.t.JMeterThread: Thread finished: TG - Spike burst 1 (300 VU) 2-66
2026-08-15 16:07:33,347 INFO o.a.j.t.JMeterThread: Thread finished: TG - Spike burst 1 (300 VU) 2-166
2026-08-15 16:07:33,349 INFO o.a.j.t.JMeterThread: Stopping because end time detected by thread: TG - Spike burst 1 (300 VU) 2-298
2026-08-15 16:07:33,349 INFO o.a.j.t.JMeterThread: Stopping because end time detected by thread: TG - Spike burst 1 (300 VU) 2-5
2026-08-15 16:07:33,349 INFO o.a.j.t.JMeterThread: Stopping because end time detected by thread: TG - Spike burst 1 (300 VU) 2-96
2026-08-15 16:07:33,349 INFO o.a.j.t.JMeterThread: Thread finished: TG - Spike burst 1 (300 VU) 2-210
2026-08-15 16:07:33,349 INFO o.a.j.t.JMeterThread: Thread finished: TG - Spike burst 1 (300 VU) 2-235
2026-08-15 16:07:33,347 INFO o.a.j.t.JMeterThread: Stopping because end time detected by thread: TG - Spike burst 1 (300 VU) 2-92
2026-08-15 16:07:33,349 INFO o.a.j.t.JMeterThread: Thread finished: TG - Spike burst 1 (300 VU) 2-112
2026-08-15 16:07:33,349 INFO o.a.j.t.JMeterThread: Stopping because end time detected by thread: TG - Spike burst 1 (300 VU) 2-151
2026-08-15 16:07:33,349 INFO o.a.j.t.JMeterThread: Thread finished: TG - Spike burst 1 (300 VU) 2-169
2026-08-15 16:07:33,349 INFO o.a.j.t.JMeterThread: Stopping because end time detected by thread: TG - Spike burst 1 (300 VU) 2-206
2026-08-15 16:07:33,347 INFO o.a.j.t.JMeterThread: Stopping because end time detected by thread: TG - Spike burst 1 (300 VU) 2-163
2026-08-15 16:07:33,349 INFO o.a.j.t.JMeterThread: Thread finished: TG - Spike burst 1 (300 VU) 2-132
2026-08-15 16:07:33,349 INFO o.a.j.t.JMeterThread: Stopping because end time detected by thread: TG - Spike burst 1 (300 VU) 2-262
2026-08-15 16:07:33,349 INFO o.a.j.t.JMeterThread: Stopping because end time detected by thread: TG - Spike burst 1 (300 VU) 2-212
2026-08-15 16:07:33,349 INFO o.a.j.t.JMeterThread: Stopping because end time detected by thread: TG - Spike burst 1 (300 VU) 2-76
2026-08-15 16:07:33,349 INFO o.a.j.t.JMeterThread: Thread finished: TG - Spike burst 1 (300 VU) 2-1
2026-08-15 16:07:33,349 INFO o.a.j.t.JMeterThread: Thread finished: TG - Spike burst 1 (300 VU) 2-262
2026-08-15 16:07:33,349 INFO o.a.j.t.JMeterThread: Thread finished: TG - Spike burst 1 (300 VU) 2-206
2026-08-15 16:07:33,349 INFO o.a.j.t.JMeterThread: Thread finished: TG - Spike burst 1 (300 VU) 2-298
2026-08-15 16:07:33,349 INFO o.a.j.t.JMeterThread: Stopping because end time detected by thread: TG - Spike burst 1 (300 VU) 2-260
2026-08-15 16:07:33,349 INFO o.a.j.t.JMeterThread: Thread finished: TG - Spike burst 1 (300 VU) 2-96
2026-08-15 16:07:33,349 INFO o.a.j.t.JMeterThread: Thread finished: TG - Spike burst 1 (300 VU) 2-260
2026-08-15 16:07:33,349 INFO o.a.j.t.JMeterThread: Stopping because end time detected by thread: TG - Spike burst 1 (300 VU) 2-124
2026-08-15 16:07:33,349 INFO o.a.j.t.JMeterThread: Stopping because end time detected by thread: TG - Spike burst 1 (300 VU) 2-42
2026-08-15 16:07:33,349 INFO o.a.j.t.JMeterThread: Stopping because end time detected by thread: TG - Spike burst 1 (300 VU) 2-258
2026-08-15 16:07:33,349 INFO o.a.j.t.JMeterThread: Stopping because end time detected by thread: TG - Spike burst 1 (300 VU) 2-204
2026-08-15 16:07:33,349 INFO o.a.j.t.JMeterThread: Stopping because end time detected by thread: TG - Spike burst 1 (300 VU) 2-294
2026-08-15 16:07:33,349 INFO o.a.j.t.JMeterThread: Thread finished: TG - Spike burst 1 (300 VU) 2-124
2026-08-15 16:07:33,349 INFO o.a.j.t.JMeterThread: Thread finished: TG - Spike burst 1 (300 VU) 2-258
2026-08-15 16:07:33,349 INFO o.a.j.t.JMeterThread: Stopping because end time detected by thread: TG - Spike burst 1 (300 VU) 2-36
2026-08-15 16:07:33,349 INFO o.a.j.t.JMeterThread: Stopping because end time detected by thread: TG - Spike burst 1 (300 VU) 2-233
2026-08-15 16:07:33,349 INFO o.a.j.t.JMeterThread: Thread finished: TG - Spike burst 1 (300 VU) 2-36
2026-08-15 16:07:33,349 INFO o.a.j.t.JMeterThread: Thread finished: TG - Spike burst 1 (300 VU) 2-233
2026-08-15 16:07:33,349 INFO o.a.j.t.JMeterThread: Stopping because end time detected by thread: TG - Spike burst 1 (300 VU) 2-50
2026-08-15 16:07:33,349 INFO o.a.j.t.JMeterThread: Stopping because end time detected by thread: TG - Spike burst 1 (300 VU) 2-37
2026-08-15 16:07:33,349 INFO o.a.j.t.JMeterThread: Stopping because end time detected by thread: TG - Spike burst 1 (300 VU) 2-21
2026-08-15 16:07:33,349 INFO o.a.j.t.JMeterThread: Stopping because end time detected by thread: TG - Spike burst 1 (300 VU) 2-149
2026-08-15 16:07:33,349 INFO o.a.j.t.JMeterThread: Stopping because end time detected by thread: TG - Spike burst 1 (300 VU) 2-136
2026-08-15 16:07:33,350 INFO o.a.j.t.JMeterThread: Stopping because end time detected by thread: TG - Spike burst 1 (300 VU) 2-142
2026-08-15 16:07:33,350 INFO o.a.j.t.JMeterThread: Stopping because end time detected by thread: TG - Spike burst 1 (300 VU) 2-159
2026-08-15 16:07:33,349 INFO o.a.j.t.JMeterThread: Stopping because end time detected by thread: TG - Spike burst 1 (300 VU) 2-188
2026-08-15 16:07:33,350 INFO o.a.j.t.JMeterThread: Thread finished: TG - Spike burst 1 (300 VU) 2-5
2026-08-15 16:07:33,350 INFO o.a.j.t.JMeterThread: Stopping because end time detected by thread: TG - Spike burst 1 (300 VU) 2-127
2026-08-15 16:07:33,350 INFO o.a.j.t.JMeterThread: Thread finished: TG - Spike burst 1 (300 VU) 2-188
2026-08-15 16:07:33,350 INFO o.a.j.t.JMeterThread: Thread finished: TG - Spike burst 1 (300 VU) 2-127
2026-08-15 16:07:33,349 INFO o.a.j.t.JMeterThread: Stopping because end time detected by thread: TG - Spike burst 1 (300 VU) 2-77
2026-08-15 16:07:33,350 INFO o.a.j.t.JMeterThread: Thread finished: TG - Spike burst 1 (300 VU) 2-136
2026-08-15 16:07:33,349 INFO o.a.j.t.JMeterThread: Stopping because end time detected by thread: TG - Spike burst 1 (300 VU) 2-43
2026-08-15 16:07:33,350 INFO o.a.j.t.JMeterThread: Stopping because end time detected by thread: TG - Spike burst 1 (300 VU) 2-184
2026-08-15 16:07:33,350 INFO o.a.j.t.JMeterThread: Stopping because end time detected by thread: TG - Spike burst 1 (300 VU) 2-185
2026-08-15 16:07:33,350 INFO o.a.j.t.JMeterThread: Thread finished: TG - Spike burst 1 (300 VU) 2-50
2026-08-15 16:07:33,349 INFO o.a.j.t.JMeterThread: Thread finished: TG - Spike burst 1 (300 VU) 2-256
2026-08-15 16:07:33,350 INFO o.a.j.t.JMeterThread: Thread finished: TG - Spike burst 1 (300 VU) 2-43
2026-08-15 16:07:33,350 INFO o.a.j.t.JMeterThread: Thread finished: TG - Spike burst 1 (300 VU) 2-287
2026-08-15 16:07:33,350 INFO o.a.j.t.JMeterThread: Stopping because end time detected by thread: TG - Spike burst 1 (300 VU) 2-55
2026-08-15 16:07:33,349 INFO o.a.j.t.JMeterThread: Stopping because end time detected by thread: TG - Spike burst 1 (300 VU) 2-208
2026-08-15 16:07:33,350 INFO o.a.j.t.JMeterThread: Stopping because end time detected by thread: TG - Spike burst 1 (300 VU) 2-155
2026-08-15 16:07:33,349 INFO o.a.j.t.JMeterThread: Thread finished: TG - Spike burst 1 (300 VU) 2-176
2026-08-15 16:07:33,350 INFO o.a.j.t.JMeterThread: Thread finished: TG - Spike burst 1 (300 VU) 2-55
2026-08-15 16:07:33,350 INFO o.a.j.t.JMeterThread: Stopping because end time detected by thread: TG - Spike burst 1 (300 VU) 2-27
2026-08-15 16:07:33,350 INFO o.a.j.t.JMeterThread: Thread finished: TG - Spike burst 1 (300 VU) 2-208
2026-08-15 16:07:33,350 INFO o.a.j.t.JMeterThread: Thread finished: TG - Spike burst 1 (300 VU) 2-155
2026-08-15 16:07:33,350 INFO o.a.j.t.JMeterThread: Stopping because end time detected by thread: TG - Spike burst 1 (300 VU) 2-241
2026-08-15 16:07:33,350 INFO o.a.j.t.JMeterThread: Thread finished: TG - Spike burst 1 (300 VU) 2-241
2026-08-15 16:07:33,349 INFO o.a.j.t.JMeterThread: Stopping because end time detected by thread: TG - Spike burst 1 (300 VU) 2-219
2026-08-15 16:07:33,349 INFO o.a.j.t.JMeterThread: Thread finished: TG - Spike burst 1 (300 VU) 2-24
2026-08-15 16:07:33,350 INFO o.a.j.t.JMeterThread: Stopping because end time detected by thread: TG - Spike burst 1 (300 VU) 2-2
2026-08-15 16:07:33,350 INFO o.a.j.t.JMeterThread: Stopping because end time detected by thread: TG - Spike burst 1 (300 VU) 2-247
2026-08-15 16:07:33,350 INFO o.a.j.t.JMeterThread: Stopping because end time detected by thread: TG - Spike burst 1 (300 VU) 2-3
2026-08-15 16:07:33,350 INFO o.a.j.t.JMeterThread: Thread finished: TG - Spike burst 1 (300 VU) 2-3
2026-08-15 16:07:33,350 INFO o.a.j.t.JMeterThread: Thread finished: TG - Spike burst 1 (300 VU) 2-27
2026-08-15 16:07:33,350 INFO o.a.j.t.JMeterThread: Thread finished: TG - Spike burst 1 (300 VU) 2-2
2026-08-15 16:07:33,350 INFO o.a.j.t.JMeterThread: Thread finished: TG - Spike burst 1 (300 VU) 2-247
2026-08-15 16:07:33,350 INFO o.a.j.t.JMeterThread: Thread finished: TG - Spike burst 1 (300 VU) 2-219
2026-08-15 16:07:33,350 INFO o.a.j.t.JMeterThread: Stopping because end time detected by thread: TG - Spike burst 1 (300 VU) 2-125
2026-08-15 16:07:33,350 INFO o.a.j.t.JMeterThread: Stopping because end time detected by thread: TG - Spike burst 1 (300 VU) 2-182
2026-08-15 16:07:33,350 INFO o.a.j.t.JMeterThread: Stopping because end time detected by thread: TG - Spike burst 1 (300 VU) 2-214
2026-08-15 16:07:33,350 INFO o.a.j.t.JMeterThread: Stopping because end time detected by thread: TG - Spike burst 1 (300 VU) 2-8
2026-08-15 16:07:33,350 INFO o.a.j.t.JMeterThread: Thread finished: TG - Spike burst 1 (300 VU) 2-214
2026-08-15 16:07:33,350 INFO o.a.j.t.JMeterThread: Thread finished: TG - Spike burst 1 (300 VU) 2-182
2026-08-15 16:07:33,348 INFO o.a.j.t.JMeterThread: Thread finished: TG - Spike burst 1 (300 VU) 2-84
2026-08-15 16:07:33,350 INFO o.a.j.t.JMeterThread: Stopping because end time detected by thread: TG - Spike burst 1 (300 VU) 2-20
2026-08-15 16:07:33,350 INFO o.a.j.t.JMeterThread: Stopping because end time detected by thread: TG - Spike burst 1 (300 VU) 2-249
2026-08-15 16:07:33,348 INFO o.a.j.t.JMeterThread: Thread finished: TG - Spike burst 1 (300 VU) 2-44
2026-08-15 16:07:33,350 INFO o.a.j.t.JMeterThread: Thread finished: TG - Spike burst 1 (300 VU) 2-20
2026-08-15 16:07:33,350 INFO o.a.j.t.JMeterThread: Stopping because end time detected by thread: TG - Spike burst 1 (300 VU) 2-120
2026-08-15 16:07:33,350 INFO o.a.j.t.JMeterThread: Thread finished: TG - Spike burst 1 (300 VU) 2-249
2026-08-15 16:07:33,350 INFO o.a.j.t.JMeterThread: Thread finished: TG - Spike burst 1 (300 VU) 2-120
2026-08-15 16:07:33,350 INFO o.a.j.t.JMeterThread: Stopping because end time detected by thread: TG - Spike burst 1 (300 VU) 2-62
2026-08-15 16:07:33,348 INFO o.a.j.t.JMeterThread: Stopping because end time detected by thread: TG - Spike burst 1 (300 VU) 2-221
2026-08-15 16:07:33,350 INFO o.a.j.t.JMeterThread: Stopping because end time detected by thread: TG - Spike burst 1 (300 VU) 2-26
2026-08-15 16:07:33,348 INFO o.a.j.t.JMeterThread: Stopping because end time detected by thread: TG - Spike burst 1 (300 VU) 2-231
2026-08-15 16:07:33,350 INFO o.a.j.t.JMeterThread: Stopping because end time detected by thread: TG - Spike burst 1 (300 VU) 2-213
2026-08-15 16:07:33,350 INFO o.a.j.t.JMeterThread: Thread finished: TG - Spike burst 1 (300 VU) 2-231
2026-08-15 16:07:33,350 INFO o.a.j.t.JMeterThread: Thread finished: TG - Spike burst 1 (300 VU) 2-221
2026-08-15 16:07:33,350 INFO o.a.j.t.JMeterThread: Thread finished: TG - Spike burst 1 (300 VU) 2-209
2026-08-15 16:07:33,350 INFO o.a.j.t.JMeterThread: Thread finished: TG - Spike burst 1 (300 VU) 2-171
2026-08-15 16:07:33,350 INFO o.a.j.t.JMeterThread: Stopping because end time detected by thread: TG - Spike burst 1 (300 VU) 2-71
2026-08-15 16:07:33,350 INFO o.a.j.t.JMeterThread: Stopping because end time detected by thread: TG - Spike burst 1 (300 VU) 2-60
2026-08-15 16:07:33,350 INFO o.a.j.t.JMeterThread: Thread finished: TG - Spike burst 1 (300 VU) 2-213
2026-08-15 16:07:33,350 INFO o.a.j.t.JMeterThread: Stopping because end time detected by thread: TG - Spike burst 1 (300 VU) 2-79
2026-08-15 16:07:33,350 INFO o.a.j.t.JMeterThread: Stopping because end time detected by thread: TG - Spike burst 1 (300 VU) 2-259
2026-08-15 16:07:33,350 INFO o.a.j.t.JMeterThread: Stopping because end time detected by thread: TG - Spike burst 1 (300 VU) 2-275
2026-08-15 16:07:33,351 INFO o.a.j.t.JMeterThread: Thread finished: TG - Spike burst 1 (300 VU) 2-275
2026-08-15 16:07:33,350 INFO o.a.j.t.JMeterThread: Thread finished: TG - Spike burst 1 (300 VU) 2-148
2026-08-15 16:07:33,351 INFO o.a.j.t.JMeterThread: Stopping because end time detected by thread: TG - Spike burst 1 (300 VU) 2-131
2026-08-15 16:07:33,350 INFO o.a.j.t.JMeterThread: Thread finished: TG - Spike burst 1 (300 VU) 2-62
2026-08-15 16:07:33,351 INFO o.a.j.t.JMeterThread: Stopping because end time detected by thread: TG - Spike burst 1 (300 VU) 2-41
2026-08-15 16:07:33,351 INFO o.a.j.t.JMeterThread: Stopping because end time detected by thread: TG - Spike burst 1 (300 VU) 2-293
2026-08-15 16:07:33,351 INFO o.a.j.t.JMeterThread: Thread finished: TG - Spike burst 1 (300 VU) 2-293
2026-08-15 16:07:33,351 INFO o.a.j.t.JMeterThread: Stopping because end time detected by thread: TG - Spike burst 1 (300 VU) 2-161
2026-08-15 16:07:33,351 INFO o.a.j.t.JMeterThread: Stopping because end time detected by thread: TG - Spike burst 1 (300 VU) 2-12
2026-08-15 16:07:33,351 INFO o.a.j.t.JMeterThread: Stopping because end time detected by thread: TG - Spike burst 1 (300 VU) 2-187
2026-08-15 16:07:33,351 INFO o.a.j.t.JMeterThread: Thread finished: TG - Spike burst 1 (300 VU) 2-161
2026-08-15 16:07:33,351 INFO o.a.j.t.JMeterThread: Thread finished: TG - Spike burst 1 (300 VU) 2-12
2026-08-15 16:07:33,351 INFO o.a.j.t.JMeterThread: Thread finished: TG - Spike burst 1 (300 VU) 2-187
2026-08-15 16:07:33,351 INFO o.a.j.t.JMeterThread: Stopping because end time detected by thread: TG - Spike burst 1 (300 VU) 2-178
2026-08-15 16:07:33,351 INFO o.a.j.t.JMeterThread: Stopping because end time detected by thread: TG - Spike burst 1 (300 VU) 2-281
2026-08-15 16:07:33,351 INFO o.a.j.t.JMeterThread: Stopping because end time detected by thread: TG - Spike burst 1 (300 VU) 2-172
2026-08-15 16:07:33,351 INFO o.a.j.t.JMeterThread: Thread finished: TG - Spike burst 1 (300 VU) 2-172
2026-08-15 16:07:33,351 INFO o.a.j.t.JMeterThread: Thread finished: TG - Spike burst 1 (300 VU) 2-178
2026-08-15 16:07:33,351 INFO o.a.j.t.JMeterThread: Stopping because end time detected by thread: TG - Spike burst 1 (300 VU) 2-85
2026-08-15 16:07:33,351 INFO o.a.j.t.JMeterThread: Stopping because end time detected by thread: TG - Spike burst 1 (300 VU) 2-73
2026-08-15 16:07:33,351 INFO o.a.j.t.JMeterThread: Stopping because end time detected by thread: TG - Spike burst 1 (300 VU) 2-81
2026-08-15 16:07:33,350 INFO o.a.j.t.JMeterThread: Thread finished: TG - Spike burst 1 (300 VU) 2-125
2026-08-15 16:07:33,350 INFO o.a.j.t.JMeterThread: Thread finished: TG - Spike burst 1 (300 VU) 2-8
2026-08-15 16:07:33,350 INFO o.a.j.t.JMeterThread: Stopping because end time detected by thread: TG - Spike burst 1 (300 VU) 2-117
2026-08-15 16:07:33,350 INFO o.a.j.t.JMeterThread: Thread finished: TG - Spike burst 1 (300 VU) 2-253
2026-08-15 16:07:33,351 INFO o.a.j.t.JMeterThread: Stopping because end time detected by thread: TG - Spike burst 1 (300 VU) 2-164
2026-08-15 16:07:33,350 INFO o.a.j.t.JMeterThread: Thread finished: TG - Spike burst 1 (300 VU) 2-33
2026-08-15 16:07:33,351 INFO o.a.j.t.JMeterThread: Stopping because end time detected by thread: TG - Spike burst 1 (300 VU) 2-274
2026-08-15 16:07:33,351 INFO o.a.j.t.JMeterThread: Thread finished: TG - Spike burst 1 (300 VU) 2-164
2026-08-15 16:07:33,351 INFO o.a.j.t.JMeterThread: Stopping because end time detected by thread: TG - Spike burst 1 (300 VU) 2-196
2026-08-15 16:07:33,351 INFO o.a.j.t.JMeterThread: Stopping because end time detected by thread: TG - Spike burst 1 (300 VU) 2-186
2026-08-15 16:07:33,351 INFO o.a.j.t.JMeterThread: Stopping because end time detected by thread: TG - Spike burst 1 (300 VU) 2-29
2026-08-15 16:07:33,351 INFO o.a.j.t.JMeterThread: Thread finished: TG - Spike burst 1 (300 VU) 2-196
2026-08-15 16:07:33,351 INFO o.a.j.t.JMeterThread: Thread finished: TG - Spike burst 1 (300 VU) 2-117
2026-08-15 16:07:33,350 INFO o.a.j.t.JMeterThread: Stopping because end time detected by thread: TG - Spike burst 1 (300 VU) 2-193
2026-08-15 16:07:33,350 INFO o.a.j.t.JMeterThread: Stopping because end time detected by thread: TG - Spike burst 1 (300 VU) 2-75
2026-08-15 16:07:33,351 INFO o.a.j.t.JMeterThread: Thread finished: TG - Spike burst 1 (300 VU) 2-193
2026-08-15 16:07:33,351 INFO o.a.j.t.JMeterThread: Thread finished: TG - Spike burst 1 (300 VU) 2-75
2026-08-15 16:07:33,351 INFO o.a.j.t.JMeterThread: Stopping because end time detected by thread: TG - Spike burst 1 (300 VU) 2-86
2026-08-15 16:07:33,351 INFO o.a.j.t.JMeterThread: Stopping because end time detected by thread: TG - Spike burst 1 (300 VU) 2-183
2026-08-15 16:07:33,351 INFO o.a.j.t.JMeterThread: Stopping because end time detected by thread: TG - Spike burst 1 (300 VU) 2-227
2026-08-15 16:07:33,351 INFO o.a.j.t.JMeterThread: Stopping because end time detected by thread: TG - Spike burst 1 (300 VU) 2-48
2026-08-15 16:07:33,351 INFO o.a.j.t.JMeterThread: Thread finished: TG - Spike burst 1 (300 VU) 2-227
2026-08-15 16:07:33,351 INFO o.a.j.t.JMeterThread: Thread finished: TG - Spike burst 1 (300 VU) 2-183
2026-08-15 16:07:33,350 INFO o.a.j.t.JMeterThread: Stopping because end time detected by thread: TG - Spike burst 1 (300 VU) 2-152
2026-08-15 16:07:33,351 INFO o.a.j.t.JMeterThread: Stopping because end time detected by thread: TG - Spike burst 1 (300 VU) 2-83
2026-08-15 16:07:33,351 INFO o.a.j.t.JMeterThread: Thread finished: TG - Spike burst 1 (300 VU) 2-83
2026-08-15 16:07:33,351 INFO o.a.j.t.JMeterThread: Stopping because end time detected by thread: TG - Spike burst 1 (300 VU) 2-72
2026-08-15 16:07:33,350 INFO o.a.j.t.JMeterThread: Thread finished: TG - Spike burst 1 (300 VU) 2-37
2026-08-15 16:07:33,351 INFO o.a.j.t.JMeterThread: Stopping because end time detected by thread: TG - Spike burst 1 (300 VU) 2-239
2026-08-15 16:07:33,350 INFO o.a.j.t.JMeterThread: Stopping because end time detected by thread: TG - Spike burst 1 (300 VU) 2-105
2026-08-15 16:07:33,351 INFO o.a.j.t.JMeterThread: Stopping because end time detected by thread: TG - Spike burst 1 (300 VU) 2-250
2026-08-15 16:07:33,351 INFO o.a.j.t.JMeterThread: Thread finished: TG - Spike burst 1 (300 VU) 2-105
2026-08-15 16:07:33,350 INFO o.a.j.t.JMeterThread: Stopping because end time detected by thread: TG - Spike burst 1 (300 VU) 2-199
2026-08-15 16:07:33,351 INFO o.a.j.t.JMeterThread: Stopping because end time detected by thread: TG - Spike burst 1 (300 VU) 2-118
2026-08-15 16:07:33,351 INFO o.a.j.t.JMeterThread: Stopping because end time detected by thread: TG - Spike burst 1 (300 VU) 2-104
2026-08-15 16:07:33,350 INFO o.a.j.t.JMeterThread: Stopping because end time detected by thread: TG - Spike burst 1 (300 VU) 2-121
2026-08-15 16:07:33,351 INFO o.a.j.t.JMeterThread: Stopping because end time detected by thread: TG - Spike burst 1 (300 VU) 2-7
2026-08-15 16:07:33,351 INFO o.a.j.t.JMeterThread: Thread finished: TG - Spike burst 1 (300 VU) 2-104
2026-08-15 16:07:33,351 INFO o.a.j.t.JMeterThread: Stopping because end time detected by thread: TG - Spike burst 1 (300 VU) 2-200
2026-08-15 16:07:33,351 INFO o.a.j.t.JMeterThread: Stopping because end time detected by thread: TG - Spike burst 1 (300 VU) 2-15
2026-08-15 16:07:33,351 INFO o.a.j.t.JMeterThread: Thread finished: TG - Spike burst 1 (300 VU) 2-199
2026-08-15 16:07:33,350 INFO o.a.j.t.JMeterThread: Thread finished: TG - Spike burst 1 (300 VU) 2-185
2026-08-15 16:07:33,351 INFO o.a.j.t.JMeterThread: Stopping because end time detected by thread: TG - Spike burst 1 (300 VU) 2-265
2026-08-15 16:07:33,351 INFO o.a.j.t.JMeterThread: Stopping because end time detected by thread: TG - Spike burst 1 (300 VU) 2-288
2026-08-15 16:07:33,352 INFO o.a.j.t.JMeterThread: Stopping because end time detected by thread: TG - Spike burst 1 (300 VU) 2-141
2026-08-15 16:07:33,352 INFO o.a.j.t.JMeterThread: Stopping because end time detected by thread: TG - Spike burst 1 (300 VU) 2-139
2026-08-15 16:07:33,352 INFO o.a.j.t.JMeterThread: Thread finished: TG - Spike burst 1 (300 VU) 2-141
2026-08-15 16:07:33,352 INFO o.a.j.t.JMeterThread: Thread finished: TG - Spike burst 1 (300 VU) 2-139
2026-08-15 16:07:33,352 INFO o.a.j.t.JMeterThread: Stopping because end time detected by thread: TG - Spike burst 1 (300 VU) 2-95
2026-08-15 16:07:33,352 INFO o.a.j.t.JMeterThread: Thread finished: TG - Spike burst 1 (300 VU) 2-95
2026-08-15 16:07:33,350 INFO o.a.j.t.JMeterThread: Stopping because end time detected by thread: TG - Spike burst 1 (300 VU) 2-291
2026-08-15 16:07:33,350 INFO o.a.j.t.JMeterThread: Stopping because end time detected by thread: TG - Spike burst 1 (300 VU) 2-242
2026-08-15 16:07:33,352 INFO o.a.j.t.JMeterThread: Stopping because end time detected by thread: TG - Spike burst 1 (300 VU) 2-207
2026-08-15 16:07:33,350 INFO o.a.j.t.JMeterThread: Thread finished: TG - Spike burst 1 (300 VU) 2-21
2026-08-15 16:07:33,352 INFO o.a.j.t.JMeterThread: Thread finished: TG - Spike burst 1 (300 VU) 2-207
2026-08-15 16:07:33,352 INFO o.a.j.t.JMeterThread: Thread finished: TG - Spike burst 1 (300 VU) 2-291
2026-08-15 16:07:33,352 INFO o.a.j.t.JMeterThread: Thread finished: TG - Spike burst 1 (300 VU) 2-242
2026-08-15 16:07:33,352 INFO o.a.j.t.JMeterThread: Thread finished: TG - Spike burst 1 (300 VU) 2-184
2026-08-15 16:07:33,352 INFO o.a.j.t.JMeterThread: Thread finished: TG - Spike burst 1 (300 VU) 2-77
2026-08-15 16:07:33,352 INFO o.a.j.t.JMeterThread: Stopping because end time detected by thread: TG - Spike burst 1 (300 VU) 2-13
2026-08-15 16:07:33,352 INFO o.a.j.t.JMeterThread: Stopping because end time detected by thread: TG - Spike burst 1 (300 VU) 2-133
2026-08-15 16:07:33,352 INFO o.a.j.t.JMeterThread: Stopping because end time detected by thread: TG - Spike burst 1 (300 VU) 2-190
2026-08-15 16:07:33,352 INFO o.a.j.t.JMeterThread: Stopping because end time detected by thread: TG - Spike burst 1 (300 VU) 2-107
2026-08-15 16:07:33,352 INFO o.a.j.t.JMeterThread: Thread finished: TG - Spike burst 1 (300 VU) 2-190
2026-08-15 16:07:33,352 INFO o.a.j.t.JMeterThread: Stopping because end time detected by thread: TG - Spike burst 1 (300 VU) 2-134
2026-08-15 16:07:33,352 INFO o.a.j.t.JMeterThread: Stopping because end time detected by thread: TG - Spike burst 1 (300 VU) 2-58
2026-08-15 16:07:33,352 INFO o.a.j.t.JMeterThread: Stopping because end time detected by thread: TG - Spike burst 1 (300 VU) 2-6
2026-08-15 16:07:33,350 INFO o.a.j.t.JMeterThread: Stopping because end time detected by thread: TG - Spike burst 1 (300 VU) 2-106
2026-08-15 16:07:33,350 INFO o.a.j.t.JMeterThread: Stopping because end time detected by thread: TG - Spike burst 1 (300 VU) 2-99
2026-08-15 16:07:33,352 INFO o.a.j.t.JMeterThread: Stopping because end time detected by thread: TG - Spike burst 1 (300 VU) 2-179
2026-08-15 16:07:33,352 INFO o.a.j.t.JMeterThread: Stopping because end time detected by thread: TG - Spike burst 1 (300 VU) 2-168
2026-08-15 16:07:33,352 INFO o.a.j.t.JMeterThread: Thread finished: TG - Spike burst 1 (300 VU) 2-179
2026-08-15 16:07:33,352 INFO o.a.j.t.JMeterThread: Stopping because end time detected by thread: TG - Spike burst 1 (300 VU) 2-191
2026-08-15 16:07:33,352 INFO o.a.j.t.JMeterThread: Thread finished: TG - Spike burst 1 (300 VU) 2-6
2026-08-15 16:07:33,352 INFO o.a.j.t.JMeterThread: Stopping because end time detected by thread: TG - Spike burst 1 (300 VU) 2-295
2026-08-15 16:07:33,352 INFO o.a.j.t.JMeterThread: Thread finished: TG - Spike burst 1 (300 VU) 2-168
2026-08-15 16:07:33,352 INFO o.a.j.t.JMeterThread: Thread finished: TG - Spike burst 1 (300 VU) 2-295
2026-08-15 16:07:33,352 INFO o.a.j.t.JMeterThread: Stopping because end time detected by thread: TG - Spike burst 1 (300 VU) 2-264
2026-08-15 16:07:33,350 INFO o.a.j.t.JMeterThread: Thread finished: TG - Spike burst 1 (300 VU) 2-142
2026-08-15 16:07:33,352 INFO o.a.j.t.JMeterThread: Stopping because end time detected by thread: TG - Spike burst 1 (300 VU) 2-82
2026-08-15 16:07:33,352 INFO o.a.j.t.JMeterThread: Stopping because end time detected by thread: TG - Spike burst 1 (300 VU) 2-160
2026-08-15 16:07:33,352 INFO o.a.j.t.JMeterThread: Stopping because end time detected by thread: TG - Spike burst 1 (300 VU) 2-300
2026-08-15 16:07:33,352 INFO o.a.j.t.JMeterThread: Thread finished: TG - Spike burst 1 (300 VU) 2-160
2026-08-15 16:07:33,352 INFO o.a.j.t.JMeterThread: Thread finished: TG - Spike burst 1 (300 VU) 2-300
2026-08-15 16:07:33,352 INFO o.a.j.t.JMeterThread: Stopping because end time detected by thread: TG - Spike burst 1 (300 VU) 2-103
2026-08-15 16:07:33,352 INFO o.a.j.t.JMeterThread: Stopping because end time detected by thread: TG - Spike burst 1 (300 VU) 2-78
2026-08-15 16:07:33,349 INFO o.a.j.t.JMeterThread: Stopping because end time detected by thread: TG - Spike burst 1 (300 VU) 2-97
2026-08-15 16:07:33,352 INFO o.a.j.t.JMeterThread: Thread finished: TG - Spike burst 1 (300 VU) 2-97
2026-08-15 16:07:33,352 INFO o.a.j.t.JMeterThread: Stopping because end time detected by thread: TG - Spike burst 1 (300 VU) 2-201
2026-08-15 16:07:33,352 INFO o.a.j.t.JMeterThread: Thread finished: TG - Spike burst 1 (300 VU) 2-201
2026-08-15 16:07:33,352 INFO o.a.j.t.JMeterThread: Thread finished: TG - Spike burst 1 (300 VU) 2-149
2026-08-15 16:07:33,349 INFO o.a.j.t.JMeterThread: Thread finished: TG - Spike burst 1 (300 VU) 2-294
2026-08-15 16:07:33,352 INFO o.a.j.t.JMeterThread: Stopping because end time detected by thread: TG - Spike burst 1 (300 VU) 2-63
2026-08-15 16:07:33,352 INFO o.a.j.t.JMeterThread: Stopping because end time detected by thread: TG - Spike burst 1 (300 VU) 2-228
2026-08-15 16:07:33,352 INFO o.a.j.t.JMeterThread: Stopping because end time detected by thread: TG - Spike burst 1 (300 VU) 2-263
2026-08-15 16:07:33,352 INFO o.a.j.t.JMeterThread: Stopping because end time detected by thread: TG - Spike burst 1 (300 VU) 2-126
2026-08-15 16:07:33,352 INFO o.a.j.t.JMeterThread: Thread finished: TG - Spike burst 1 (300 VU) 2-263
2026-08-15 16:07:33,352 INFO o.a.j.t.JMeterThread: Thread finished: TG - Spike burst 1 (300 VU) 2-228
2026-08-15 16:07:33,352 INFO o.a.j.t.JMeterThread: Stopping because end time detected by thread: TG - Spike burst 1 (300 VU) 2-51
2026-08-15 16:07:33,349 INFO o.a.j.t.JMeterThread: Stopping because end time detected by thread: TG - Spike burst 1 (300 VU) 2-4
2026-08-15 16:07:33,352 INFO o.a.j.t.JMeterThread: Thread finished: TG - Spike burst 1 (300 VU) 2-51
2026-08-15 16:07:33,349 INFO o.a.j.t.JMeterThread: Stopping because end time detected by thread: TG - Spike burst 1 (300 VU) 2-123
2026-08-15 16:07:33,352 INFO o.a.j.t.JMeterThread: Stopping because end time detected by thread: TG - Spike burst 1 (300 VU) 2-17
2026-08-15 16:07:33,352 INFO o.a.j.t.JMeterThread: Thread finished: TG - Spike burst 1 (300 VU) 2-123
2026-08-15 16:07:33,349 INFO o.a.j.t.JMeterThread: Thread finished: TG - Spike burst 1 (300 VU) 2-151
2026-08-15 16:07:33,352 INFO o.a.j.t.JMeterThread: Stopping because end time detected by thread: TG - Spike burst 1 (300 VU) 2-80
2026-08-15 16:07:33,352 INFO o.a.j.t.JMeterThread: Stopping because end time detected by thread: TG - Spike burst 1 (300 VU) 2-64
2026-08-15 16:07:33,352 INFO o.a.j.t.JMeterThread: Stopping because end time detected by thread: TG - Spike burst 1 (300 VU) 2-276
2026-08-15 16:07:33,352 INFO o.a.j.t.JMeterThread: Stopping because end time detected by thread: TG - Spike burst 1 (300 VU) 2-9
2026-08-15 16:07:33,352 INFO o.a.j.t.JMeterThread: Thread finished: TG - Spike burst 1 (300 VU) 2-4
2026-08-15 16:07:33,352 INFO o.a.j.t.JMeterThread: Thread finished: TG - Spike burst 1 (300 VU) 2-9
2026-08-15 16:07:33,349 INFO o.a.j.t.JMeterThread: Thread finished: TG - Spike burst 1 (300 VU) 2-212
2026-08-15 16:07:33,352 INFO o.a.j.t.JMeterThread: Thread finished: TG - Spike burst 1 (300 VU) 2-42
2026-08-15 16:07:33,352 INFO o.a.j.t.JMeterThread: Stopping because end time detected by thread: TG - Spike burst 1 (300 VU) 2-116
2026-08-15 16:07:33,352 INFO o.a.j.t.JMeterThread: Thread finished: TG - Spike burst 1 (300 VU) 2-116
2026-08-15 16:07:33,352 INFO o.a.j.t.JMeterThread: Stopping because end time detected by thread: TG - Spike burst 1 (300 VU) 2-216
2026-08-15 16:07:33,352 INFO o.a.j.t.JMeterThread: Thread finished: TG - Spike burst 1 (300 VU) 2-216
2026-08-15 16:07:33,349 INFO o.a.j.t.JMeterThread: Stopping because end time detected by thread: TG - Spike burst 1 (300 VU) 2-238
2026-08-15 16:07:33,353 INFO o.a.j.t.JMeterThread: Stopping because end time detected by thread: TG - Spike burst 1 (300 VU) 2-162
2026-08-15 16:07:33,353 INFO o.a.j.t.JMeterThread: Stopping because end time detected by thread: TG - Spike burst 1 (300 VU) 2-18
2026-08-15 16:07:33,353 INFO o.a.j.t.JMeterThread: Thread finished: TG - Spike burst 1 (300 VU) 2-76
2026-08-15 16:07:33,353 INFO o.a.j.t.JMeterThread: Thread finished: TG - Spike burst 1 (300 VU) 2-238
2026-08-15 16:07:33,349 INFO o.a.j.t.JMeterThread: Stopping because end time detected by thread: TG - Spike burst 1 (300 VU) 2-56
2026-08-15 16:07:33,353 INFO o.a.j.t.JMeterThread: Stopping because end time detected by thread: TG - Spike burst 1 (300 VU) 2-45
2026-08-15 16:07:33,349 INFO o.a.j.t.JMeterThread: Stopping because end time detected by thread: TG - Spike burst 1 (300 VU) 2-299
2026-08-15 16:07:33,353 INFO o.a.j.t.JMeterThread: Thread finished: TG - Spike burst 1 (300 VU) 2-56
2026-08-15 16:07:33,353 INFO o.a.j.t.JMeterThread: Thread finished: TG - Spike burst 1 (300 VU) 2-45
2026-08-15 16:07:33,353 INFO o.a.j.t.JMeterThread: Stopping because end time detected by thread: TG - Spike burst 1 (300 VU) 2-128
2026-08-15 16:07:33,349 INFO o.a.j.t.JMeterThread: Thread finished: TG - Spike burst 1 (300 VU) 2-92
2026-08-15 16:07:33,353 INFO o.a.j.t.JMeterThread: Thread finished: TG - Spike burst 1 (300 VU) 2-128
2026-08-15 16:07:33,349 INFO o.a.j.t.JMeterThread: Thread finished: TG - Spike burst 1 (300 VU) 2-163
2026-08-15 16:07:33,353 INFO o.a.j.t.JMeterThread: Stopping because end time detected by thread: TG - Spike burst 1 (300 VU) 2-243
2026-08-15 16:07:33,349 INFO o.a.j.t.JMeterThread: Stopping because end time detected by thread: TG - Spike burst 1 (300 VU) 2-189
2026-08-15 16:07:33,353 INFO o.a.j.t.JMeterThread: Thread finished: TG - Spike burst 1 (300 VU) 2-243
2026-08-15 16:07:33,353 INFO o.a.j.t.JMeterThread: Stopping because end time detected by thread: TG - Spike burst 1 (300 VU) 2-158
2026-08-15 16:07:33,353 INFO o.a.j.t.JMeterThread: Thread finished: TG - Spike burst 1 (300 VU) 2-158
2026-08-15 16:07:33,353 INFO o.a.j.t.JMeterThread: Stopping because end time detected by thread: TG - Spike burst 1 (300 VU) 2-156
2026-08-15 16:07:33,353 INFO o.a.j.t.JMeterThread: Thread finished: TG - Spike burst 1 (300 VU) 2-189
2026-08-15 16:07:33,353 INFO o.a.j.t.JMeterThread: Stopping because end time detected by thread: TG - Spike burst 1 (300 VU) 2-232
2026-08-15 16:07:33,353 INFO o.a.j.t.JMeterThread: Stopping because end time detected by thread: TG - Spike burst 1 (300 VU) 2-254
2026-08-15 16:07:33,353 INFO o.a.j.t.JMeterThread: Thread finished: TG - Spike burst 1 (300 VU) 2-232
2026-08-15 16:07:33,353 INFO o.a.j.t.JMeterThread: Stopping because end time detected by thread: TG - Spike burst 1 (300 VU) 2-147
2026-08-15 16:07:33,353 INFO o.a.j.t.JMeterThread: Stopping because end time detected by thread: TG - Spike burst 1 (300 VU) 2-240
2026-08-15 16:07:33,353 INFO o.a.j.t.JMeterThread: Thread finished: TG - Spike burst 1 (300 VU) 2-240
2026-08-15 16:07:33,353 INFO o.a.j.t.JMeterThread: Stopping because end time detected by thread: TG - Spike burst 1 (300 VU) 2-34
2026-08-15 16:07:33,353 INFO o.a.j.t.JMeterThread: Stopping because end time detected by thread: TG - Spike burst 1 (300 VU) 2-290
2026-08-15 16:07:33,353 INFO o.a.j.t.JMeterThread: Thread finished: TG - Spike burst 1 (300 VU) 2-34
2026-08-15 16:07:33,353 INFO o.a.j.t.JMeterThread: Stopping because end time detected by thread: TG - Spike burst 1 (300 VU) 2-39
2026-08-15 16:07:33,353 INFO o.a.j.t.JMeterThread: Stopping because end time detected by thread: TG - Spike burst 1 (300 VU) 2-244
2026-08-15 16:07:33,353 INFO o.a.j.t.JMeterThread: Stopping because end time detected by thread: TG - Spike burst 1 (300 VU) 2-181
2026-08-15 16:07:33,353 INFO o.a.j.t.JMeterThread: Stopping because end time detected by thread: TG - Spike burst 1 (300 VU) 2-31
2026-08-15 16:07:33,353 INFO o.a.j.t.JMeterThread: Thread finished: TG - Spike burst 1 (300 VU) 2-31
2026-08-15 16:07:33,353 INFO o.a.j.t.JMeterThread: Stopping because end time detected by thread: TG - Spike burst 1 (300 VU) 2-197
2026-08-15 16:07:33,353 INFO o.a.j.t.JMeterThread: Thread finished: TG - Spike burst 1 (300 VU) 2-197
2026-08-15 16:07:33,353 INFO o.a.j.t.JMeterThread: Stopping because end time detected by thread: TG - Spike burst 1 (300 VU) 2-279
2026-08-15 16:07:33,353 INFO o.a.j.t.JMeterThread: Thread finished: TG - Spike burst 1 (300 VU) 2-162
2026-08-15 16:07:33,353 INFO o.a.j.t.JMeterThread: Thread finished: TG - Spike burst 1 (300 VU) 2-181
2026-08-15 16:07:33,353 INFO o.a.j.t.JMeterThread: Stopping because end time detected by thread: TG - Spike burst 1 (300 VU) 2-65
2026-08-15 16:07:33,353 INFO o.a.j.t.JMeterThread: Stopping because end time detected by thread: TG - Spike burst 1 (300 VU) 2-248
2026-08-15 16:07:33,353 INFO o.a.j.t.JMeterThread: Thread finished: TG - Spike burst 1 (300 VU) 2-248
2026-08-15 16:07:33,353 INFO o.a.j.t.JMeterThread: Thread finished: TG - Spike burst 1 (300 VU) 2-18
2026-08-15 16:07:33,352 INFO o.a.j.t.JMeterThread: Stopping because end time detected by thread: TG - Spike burst 1 (300 VU) 2-289
2026-08-15 16:07:33,353 INFO o.a.j.t.JMeterThread: Stopping because end time detected by thread: TG - Spike burst 1 (300 VU) 2-35
2026-08-15 16:07:33,352 INFO o.a.j.t.JMeterThread: Stopping because end time detected by thread: TG - Spike burst 1 (300 VU) 2-143
2026-08-15 16:07:33,352 INFO o.a.j.t.JMeterThread: Stopping because end time detected by thread: TG - Spike burst 1 (300 VU) 2-30
2026-08-15 16:07:33,353 INFO o.a.j.t.JMeterThread: Thread finished: TG - Spike burst 1 (300 VU) 2-143
2026-08-15 16:07:33,353 INFO o.a.j.t.JMeterThread: Stopping because end time detected by thread: TG - Spike burst 1 (300 VU) 2-57
2026-08-15 16:07:33,352 INFO o.a.j.t.JMeterThread: Thread finished: TG - Spike burst 1 (300 VU) 2-64
2026-08-15 16:07:33,353 INFO o.a.j.t.JMeterThread: Thread finished: TG - Spike burst 1 (300 VU) 2-57
2026-08-15 16:07:33,353 INFO o.a.j.t.JMeterThread: Stopping because end time detected by thread: TG - Spike burst 1 (300 VU) 2-255
2026-08-15 16:07:33,353 INFO o.a.j.t.JMeterThread: Thread finished: TG - Spike burst 1 (300 VU) 2-255
2026-08-15 16:07:33,352 INFO o.a.j.t.JMeterThread: Stopping because end time detected by thread: TG - Spike burst 1 (300 VU) 2-100
2026-08-15 16:07:33,353 INFO o.a.j.t.JMeterThread: Stopping because end time detected by thread: TG - Spike burst 1 (300 VU) 2-113
2026-08-15 16:07:33,353 INFO o.a.j.t.JMeterThread: Stopping because end time detected by thread: TG - Spike burst 1 (300 VU) 2-273
2026-08-15 16:07:33,353 INFO o.a.j.t.JMeterThread: Thread finished: TG - Spike burst 1 (300 VU) 2-113
2026-08-15 16:07:33,352 INFO o.a.j.t.JMeterThread: Thread finished: TG - Spike burst 1 (300 VU) 2-80
2026-08-15 16:07:33,353 INFO o.a.j.t.JMeterThread: Thread finished: TG - Spike burst 1 (300 VU) 2-273
2026-08-15 16:07:33,353 INFO o.a.j.t.JMeterThread: Stopping because end time detected by thread: TG - Spike burst 1 (300 VU) 2-237
2026-08-15 16:07:33,353 INFO o.a.j.t.JMeterThread: Stopping because end time detected by thread: TG - Spike burst 1 (300 VU) 2-130
2026-08-15 16:07:33,353 INFO o.a.j.t.JMeterThread: Thread finished: TG - Spike burst 1 (300 VU) 2-130
2026-08-15 16:07:33,353 INFO o.a.j.t.JMeterThread: Thread finished: TG - Spike burst 1 (300 VU) 2-276
2026-08-15 16:07:33,353 INFO o.a.j.t.JMeterThread: Stopping because end time detected by thread: TG - Spike burst 1 (300 VU) 2-94
2026-08-15 16:07:33,353 INFO o.a.j.t.JMeterThread: Stopping because end time detected by thread: TG - Spike burst 1 (300 VU) 2-285
2026-08-15 16:07:33,353 INFO o.a.j.t.JMeterThread: Thread finished: TG - Spike burst 1 (300 VU) 2-285
2026-08-15 16:07:33,352 INFO o.a.j.t.JMeterThread: Thread finished: TG - Spike burst 1 (300 VU) 2-204
2026-08-15 16:07:33,352 INFO o.a.j.t.JMeterThread: Thread finished: TG - Spike burst 1 (300 VU) 2-17
2026-08-15 16:07:33,353 INFO o.a.j.t.JMeterThread: Stopping because end time detected by thread: TG - Spike burst 1 (300 VU) 2-69
2026-08-15 16:07:33,353 INFO o.a.j.t.JMeterThread: Stopping because end time detected by thread: TG - Spike burst 1 (300 VU) 2-157
2026-08-15 16:07:33,353 INFO o.a.j.t.JMeterThread: Stopping because end time detected by thread: TG - Spike burst 1 (300 VU) 2-11
2026-08-15 16:07:33,353 INFO o.a.j.t.JMeterThread: Thread finished: TG - Spike burst 1 (300 VU) 2-11
2026-08-15 16:07:33,352 INFO o.a.j.t.JMeterThread: Stopping because end time detected by thread: TG - Spike burst 1 (300 VU) 2-284
2026-08-15 16:07:33,353 INFO o.a.j.t.JMeterThread: Stopping because end time detected by thread: TG - Spike burst 1 (300 VU) 2-23
2026-08-15 16:07:33,353 INFO o.a.j.t.JMeterThread: Thread finished: TG - Spike burst 1 (300 VU) 2-23
2026-08-15 16:07:33,353 INFO o.a.j.t.JMeterThread: Stopping because end time detected by thread: TG - Spike burst 1 (300 VU) 2-246
2026-08-15 16:07:33,353 INFO o.a.j.t.JMeterThread: Thread finished: TG - Spike burst 1 (300 VU) 2-246
2026-08-15 16:07:33,353 INFO o.a.j.t.JMeterThread: Stopping because end time detected by thread: TG - Spike burst 1 (300 VU) 2-224
2026-08-15 16:07:33,353 INFO o.a.j.t.JMeterThread: Stopping because end time detected by thread: TG - Spike burst 1 (300 VU) 2-153
2026-08-15 16:07:33,353 INFO o.a.j.t.JMeterThread: Thread finished: TG - Spike burst 1 (300 VU) 2-153
2026-08-15 16:07:33,353 INFO o.a.j.t.JMeterThread: Stopping because end time detected by thread: TG - Spike burst 1 (300 VU) 2-150
2026-08-15 16:07:33,353 INFO o.a.j.t.JMeterThread: Thread finished: TG - Spike burst 1 (300 VU) 2-150
2026-08-15 16:07:33,353 INFO o.a.j.t.JMeterThread: Stopping because end time detected by thread: TG - Spike burst 1 (300 VU) 2-268
2026-08-15 16:07:33,353 INFO o.a.j.t.JMeterThread: Thread finished: TG - Spike burst 1 (300 VU) 2-268
2026-08-15 16:07:33,353 INFO o.a.j.t.JMeterThread: Thread finished: TG - Spike burst 1 (300 VU) 2-63
2026-08-15 16:07:33,352 INFO o.a.j.t.JMeterThread: Stopping because end time detected by thread: TG - Spike burst 1 (300 VU) 2-49
2026-08-15 16:07:33,352 INFO o.a.j.t.JMeterThread: Thread finished: TG - Spike burst 1 (300 VU) 2-159
2026-08-15 16:07:33,354 INFO o.a.j.t.JMeterThread: Stopping because end time detected by thread: TG - Spike burst 1 (300 VU) 2-109
2026-08-15 16:07:33,352 INFO o.a.j.t.JMeterThread: Stopping because end time detected by thread: TG - Spike burst 1 (300 VU) 2-297
2026-08-15 16:07:33,354 INFO o.a.j.t.JMeterThread: Thread finished: TG - Spike burst 1 (300 VU) 2-109
2026-08-15 16:07:33,352 INFO o.a.j.t.JMeterThread: Thread finished: TG - Spike burst 1 (300 VU) 2-78
2026-08-15 16:07:33,354 INFO o.a.j.t.JMeterThread: Stopping because end time detected by thread: TG - Spike burst 1 (300 VU) 2-25
2026-08-15 16:07:33,352 INFO o.a.j.t.JMeterThread: Thread finished: TG - Spike burst 1 (300 VU) 2-103
2026-08-15 16:07:33,354 INFO o.a.j.t.JMeterThread: Thread finished: TG - Spike burst 1 (300 VU) 2-25
2026-08-15 16:07:33,354 INFO o.a.j.t.JMeterThread: Stopping because end time detected by thread: TG - Spike burst 1 (300 VU) 2-215
2026-08-15 16:07:33,354 INFO o.a.j.t.JMeterThread: Stopping because end time detected by thread: TG - Spike burst 1 (300 VU) 2-283
2026-08-15 16:07:33,354 INFO o.a.j.t.JMeterThread: Thread finished: TG - Spike burst 1 (300 VU) 2-283
2026-08-15 16:07:33,354 INFO o.a.j.t.JMeterThread: Stopping because end time detected by thread: TG - Spike burst 1 (300 VU) 2-195
2026-08-15 16:07:33,354 INFO o.a.j.t.JMeterThread: Thread finished: TG - Spike burst 1 (300 VU) 2-195
2026-08-15 16:07:33,354 INFO o.a.j.t.JMeterThread: Stopping because end time detected by thread: TG - Spike burst 1 (300 VU) 2-137
2026-08-15 16:07:33,354 INFO o.a.j.t.JMeterThread: Stopping because end time detected by thread: TG - Spike burst 1 (300 VU) 2-220
2026-08-15 16:07:33,354 INFO o.a.j.t.JMeterThread: Thread finished: TG - Spike burst 1 (300 VU) 2-220
2026-08-15 16:07:33,352 INFO o.a.j.t.JMeterThread: Stopping because end time detected by thread: TG - Spike burst 1 (300 VU) 2-53
2026-08-15 16:07:33,352 INFO o.a.j.t.JMeterThread: Thread finished: TG - Spike burst 1 (300 VU) 2-82
2026-08-15 16:07:33,352 INFO o.a.j.t.JMeterThread: Stopping because end time detected by thread: TG - Spike burst 1 (300 VU) 2-32
2026-08-15 16:07:33,352 INFO o.a.j.t.JMeterThread: Stopping because end time detected by thread: TG - Spike burst 1 (300 VU) 2-101
2026-08-15 16:07:33,354 INFO o.a.j.t.JMeterThread: Thread finished: TG - Spike burst 1 (300 VU) 2-32
2026-08-15 16:07:33,354 INFO o.a.j.t.JMeterThread: Thread finished: TG - Spike burst 1 (300 VU) 2-101
2026-08-15 16:07:33,352 INFO o.a.j.t.JMeterThread: Stopping because end time detected by thread: TG - Spike burst 1 (300 VU) 2-180
2026-08-15 16:07:33,354 INFO o.a.j.t.JMeterThread: Thread finished: TG - Spike burst 1 (300 VU) 2-180
2026-08-15 16:07:33,352 INFO o.a.j.t.JMeterThread: Thread finished: TG - Spike burst 1 (300 VU) 2-191
2026-08-15 16:07:33,352 INFO o.a.j.t.JMeterThread: Stopping because end time detected by thread: TG - Spike burst 1 (300 VU) 2-222
2026-08-15 16:07:33,352 INFO o.a.j.t.JMeterThread: Stopping because end time detected by thread: TG - Spike burst 1 (300 VU) 2-135
2026-08-15 16:07:33,354 INFO o.a.j.t.JMeterThread: Thread finished: TG - Spike burst 1 (300 VU) 2-135
2026-08-15 16:07:33,352 INFO o.a.j.t.JMeterThread: Thread finished: TG - Spike burst 1 (300 VU) 2-106
2026-08-15 16:07:33,352 INFO o.a.j.t.JMeterThread: Thread finished: TG - Spike burst 1 (300 VU) 2-58
2026-08-15 16:07:33,354 INFO o.a.j.t.JMeterThread: Thread finished: TG - Spike burst 1 (300 VU) 2-99
2026-08-15 16:07:33,352 INFO o.a.j.t.JMeterThread: Thread finished: TG - Spike burst 1 (300 VU) 2-134
2026-08-15 16:07:33,352 INFO o.a.j.t.JMeterThread: Thread finished: TG - Spike burst 1 (300 VU) 2-107
2026-08-15 16:07:33,352 INFO o.a.j.t.JMeterThread: Thread finished: TG - Spike burst 1 (300 VU) 2-133
2026-08-15 16:07:33,352 INFO o.a.j.t.JMeterThread: Thread finished: TG - Spike burst 1 (300 VU) 2-13
2026-08-15 16:07:33,352 INFO o.a.j.t.JMeterThread: Stopping because end time detected by thread: TG - Spike burst 1 (300 VU) 2-61
2026-08-15 16:07:33,354 INFO o.a.j.t.JMeterThread: Thread finished: TG - Spike burst 1 (300 VU) 2-61
2026-08-15 16:07:33,352 INFO o.a.j.t.JMeterThread: Stopping because end time detected by thread: TG - Spike burst 1 (300 VU) 2-165
2026-08-15 16:07:33,352 INFO o.a.j.t.JMeterThread: Stopping because end time detected by thread: TG - Spike burst 1 (300 VU) 2-203
2026-08-15 16:07:33,352 INFO o.a.j.t.JMeterThread: Thread finished: TG - Spike burst 1 (300 VU) 2-288
2026-08-15 16:07:33,354 INFO o.a.j.t.JMeterThread: Thread finished: TG - Spike burst 1 (300 VU) 2-203
2026-08-15 16:07:33,352 INFO o.a.j.t.JMeterThread: Stopping because end time detected by thread: TG - Spike burst 1 (300 VU) 2-245
2026-08-15 16:07:33,352 INFO o.a.j.t.JMeterThread: Thread finished: TG - Spike burst 1 (300 VU) 2-265
2026-08-15 16:07:33,351 INFO o.a.j.t.JMeterThread: Stopping because end time detected by thread: TG - Spike burst 1 (300 VU) 2-211
2026-08-15 16:07:33,351 INFO o.a.j.t.JMeterThread: Thread finished: TG - Spike burst 1 (300 VU) 2-15
2026-08-15 16:07:33,351 INFO o.a.j.t.JMeterThread: Thread finished: TG - Spike burst 1 (300 VU) 2-200
2026-08-15 16:07:33,351 INFO o.a.j.t.JMeterThread: Thread finished: TG - Spike burst 1 (300 VU) 2-7
2026-08-15 16:07:33,351 INFO o.a.j.t.JMeterThread: Stopping because end time detected by thread: TG - Spike burst 1 (300 VU) 2-229
2026-08-15 16:07:33,354 INFO o.a.j.t.JMeterThread: Thread finished: TG - Spike burst 1 (300 VU) 2-229
2026-08-15 16:07:33,354 INFO o.a.j.t.JMeterThread: Thread finished: TG - Spike burst 1 (300 VU) 2-121
2026-08-15 16:07:33,351 INFO o.a.j.t.JMeterThread: Stopping because end time detected by thread: TG - Spike burst 1 (300 VU) 2-217
2026-08-15 16:07:33,354 INFO o.a.j.t.JMeterThread: Thread finished: TG - Spike burst 1 (300 VU) 2-217
2026-08-15 16:07:33,351 INFO o.a.j.t.JMeterThread: Stopping because end time detected by thread: TG - Spike burst 1 (300 VU) 2-28
2026-08-15 16:07:33,351 INFO o.a.j.t.JMeterThread: Thread finished: TG - Spike burst 1 (300 VU) 2-250
2026-08-15 16:07:33,351 INFO o.a.j.t.JMeterThread: Stopping because end time detected by thread: TG - Spike burst 1 (300 VU) 2-230
2026-08-15 16:07:33,351 INFO o.a.j.t.JMeterThread: Stopping because end time detected by thread: TG - Spike burst 1 (300 VU) 2-234
2026-08-15 16:07:33,354 INFO o.a.j.t.JMeterThread: Thread finished: TG - Spike burst 1 (300 VU) 2-230
2026-08-15 16:07:33,354 INFO o.a.j.t.JMeterThread: Thread finished: TG - Spike burst 1 (300 VU) 2-234
2026-08-15 16:07:33,354 INFO o.a.j.t.JMeterThread: Thread finished: TG - Spike burst 1 (300 VU) 2-239
2026-08-15 16:07:33,351 INFO o.a.j.t.JMeterThread: Stopping because end time detected by thread: TG - Spike burst 1 (300 VU) 2-138
2026-08-15 16:07:33,351 INFO o.a.j.t.JMeterThread: Thread finished: TG - Spike burst 1 (300 VU) 2-72
2026-08-15 16:07:33,354 INFO o.a.j.t.JMeterThread: Thread finished: TG - Spike burst 1 (300 VU) 2-138
2026-08-15 16:07:33,351 INFO o.a.j.t.JMeterThread: Thread finished: TG - Spike burst 1 (300 VU) 2-48
2026-08-15 16:07:33,354 INFO o.a.j.t.JMeterThread: Thread finished: TG - Spike burst 1 (300 VU) 2-152
2026-08-15 16:07:33,351 INFO o.a.j.t.JMeterThread: Stopping because end time detected by thread: TG - Spike burst 1 (300 VU) 2-38
2026-08-15 16:07:33,354 INFO o.a.j.t.JMeterThread: Thread finished: TG - Spike burst 1 (300 VU) 2-38
2026-08-15 16:07:33,351 INFO o.a.j.t.JMeterThread: Thread finished: TG - Spike burst 1 (300 VU) 2-86
2026-08-15 16:07:33,351 INFO o.a.j.t.JMeterThread: Stopping because end time detected by thread: TG - Spike burst 1 (300 VU) 2-87
2026-08-15 16:07:33,351 INFO o.a.j.t.JMeterThread: Stopping because end time detected by thread: TG - Spike burst 1 (300 VU) 2-88
2026-08-15 16:07:33,351 INFO o.a.j.t.JMeterThread: Thread finished: TG - Spike burst 1 (300 VU) 2-29
2026-08-15 16:07:33,354 INFO o.a.j.t.JMeterThread: Thread finished: TG - Spike burst 1 (300 VU) 2-88
2026-08-15 16:07:33,351 INFO o.a.j.t.JMeterThread: Thread finished: TG - Spike burst 1 (300 VU) 2-186
2026-08-15 16:07:33,351 INFO o.a.j.t.JMeterThread: Stopping because end time detected by thread: TG - Spike burst 1 (300 VU) 2-16
2026-08-15 16:07:33,354 INFO o.a.j.t.JMeterThread: Thread finished: TG - Spike burst 1 (300 VU) 2-16
2026-08-15 16:07:33,354 INFO o.a.j.t.JMeterThread: Thread finished: TG - Spike burst 1 (300 VU) 2-274
2026-08-15 16:07:33,351 INFO o.a.j.t.JMeterThread: Stopping because end time detected by thread: TG - Spike burst 1 (300 VU) 2-47
2026-08-15 16:07:33,355 INFO o.a.j.t.JMeterThread: Thread finished: TG - Spike burst 1 (300 VU) 2-47
2026-08-15 16:07:33,351 INFO o.a.j.t.JMeterThread: Stopping because end time detected by thread: TG - Spike burst 1 (300 VU) 2-174
2026-08-15 16:07:33,351 INFO o.a.j.t.JMeterThread: Thread finished: TG - Spike burst 1 (300 VU) 2-81
2026-08-15 16:07:33,351 INFO o.a.j.t.JMeterThread: Thread finished: TG - Spike burst 1 (300 VU) 2-73
2026-08-15 16:07:33,351 INFO o.a.j.t.JMeterThread: Stopping because end time detected by thread: TG - Spike burst 1 (300 VU) 2-236
2026-08-15 16:07:33,355 INFO o.a.j.t.JMeterThread: Thread finished: TG - Spike burst 1 (300 VU) 2-236
2026-08-15 16:07:33,351 INFO o.a.j.t.JMeterThread: Stopping because end time detected by thread: TG - Spike burst 1 (300 VU) 2-278
2026-08-15 16:07:33,355 INFO o.a.j.t.JMeterThread: Thread finished: TG - Spike burst 1 (300 VU) 2-281
2026-08-15 16:07:33,351 INFO o.a.j.t.JMeterThread: Thread finished: TG - Spike burst 1 (300 VU) 2-41
2026-08-15 16:07:33,355 INFO o.a.j.t.JMeterThread: Thread finished: TG - Spike burst 1 (300 VU) 2-278
2026-08-15 16:07:33,351 INFO o.a.j.t.JMeterThread: Stopping because end time detected by thread: TG - Spike burst 1 (300 VU) 2-140
2026-08-15 16:07:33,351 INFO o.a.j.t.JMeterThread: Thread finished: TG - Spike burst 1 (300 VU) 2-26
2026-08-15 16:07:33,351 INFO o.a.j.t.JMeterThread: Thread finished: TG - Spike burst 1 (300 VU) 2-131
2026-08-15 16:07:33,350 INFO o.a.j.t.JMeterThread: Thread finished: TG - Spike burst 1 (300 VU) 2-259
2026-08-15 16:07:33,350 INFO o.a.j.t.JMeterThread: Stopping because end time detected by thread: TG - Spike burst 1 (300 VU) 2-59
2026-08-15 16:07:33,350 INFO o.a.j.t.JMeterThread: Stopping because end time detected by thread: TG - Spike burst 1 (300 VU) 2-68
2026-08-15 16:07:33,355 INFO o.a.j.t.JMeterThread: Thread finished: TG - Spike burst 1 (300 VU) 2-59
2026-08-15 16:07:33,350 INFO o.a.j.t.JMeterThread: Thread finished: TG - Spike burst 1 (300 VU) 2-79
2026-08-15 16:07:33,350 INFO o.a.j.t.JMeterThread: Thread finished: TG - Spike burst 1 (300 VU) 2-60
2026-08-15 16:07:33,350 INFO o.a.j.t.JMeterThread: Stopping because end time detected by thread: TG - Spike burst 1 (300 VU) 2-98
2026-08-15 16:07:33,350 INFO o.a.j.t.JMeterThread: Thread finished: TG - Spike burst 1 (300 VU) 2-71
2026-08-15 16:07:33,355 INFO o.a.j.t.JMeterThread: Thread finished: TG - Spike burst 1 (300 VU) 2-98
2026-08-15 16:07:33,350 INFO o.a.j.t.JMeterThread: Stopping because end time detected by thread: TG - Spike burst 1 (300 VU) 2-146
2026-08-15 16:07:33,355 INFO o.a.j.t.JMeterThread: Thread finished: TG - Spike burst 1 (300 VU) 2-146
2026-08-15 16:07:33,350 INFO o.a.j.t.JMeterThread: Stopping because end time detected by thread: TG - Spike burst 1 (300 VU) 2-67
2026-08-15 16:07:33,355 INFO o.a.j.t.JMeterThread: Thread finished: TG - Spike burst 1 (300 VU) 2-67
2026-08-15 16:07:33,355 INFO o.a.j.t.JMeterThread: Thread finished: TG - Spike burst 1 (300 VU) 2-140
2026-08-15 16:07:33,355 INFO o.a.j.t.JMeterThread: Thread finished: TG - Spike burst 1 (300 VU) 2-85
2026-08-15 16:07:33,355 INFO o.a.j.t.JMeterThread: Thread finished: TG - Spike burst 1 (300 VU) 2-174
2026-08-15 16:07:33,354 INFO o.a.j.t.JMeterThread: Thread finished: TG - Spike burst 1 (300 VU) 2-87
2026-08-15 16:07:33,354 INFO o.a.j.t.JMeterThread: Thread finished: TG - Spike burst 1 (300 VU) 2-28
2026-08-15 16:07:33,354 INFO o.a.j.t.JMeterThread: Thread finished: TG - Spike burst 1 (300 VU) 2-118
2026-08-15 16:07:33,354 INFO o.a.j.t.JMeterThread: Thread finished: TG - Spike burst 1 (300 VU) 2-211
2026-08-15 16:07:33,354 INFO o.a.j.t.JMeterThread: Thread finished: TG - Spike burst 1 (300 VU) 2-245
2026-08-15 16:07:33,354 INFO o.a.j.t.JMeterThread: Thread finished: TG - Spike burst 1 (300 VU) 2-165
2026-08-15 16:07:33,354 INFO o.a.j.t.JMeterThread: Thread finished: TG - Spike burst 1 (300 VU) 2-222
2026-08-15 16:07:33,354 INFO o.a.j.t.JMeterThread: Thread finished: TG - Spike burst 1 (300 VU) 2-264
2026-08-15 16:07:33,354 INFO o.a.j.t.JMeterThread: Stopping because end time detected by thread: TG - Spike burst 1 (300 VU) 2-74
2026-08-15 16:07:33,355 INFO o.a.j.t.JMeterThread: Thread finished: TG - Spike burst 1 (300 VU) 2-53
2026-08-15 16:07:33,354 INFO o.a.j.t.JMeterThread: Thread finished: TG - Spike burst 1 (300 VU) 2-137
2026-08-15 16:07:33,354 INFO o.a.j.t.JMeterThread: Stopping because end time detected by thread: TG - Spike burst 1 (300 VU) 2-292
2026-08-15 16:07:33,354 INFO o.a.j.t.JMeterThread: Thread finished: TG - Spike burst 1 (300 VU) 2-215
2026-08-15 16:07:33,355 INFO o.a.j.t.JMeterThread: Thread finished: TG - Spike burst 1 (300 VU) 2-292
2026-08-15 16:07:33,354 INFO o.a.j.t.JMeterThread: Stopping because end time detected by thread: TG - Spike burst 1 (300 VU) 2-14
2026-08-15 16:07:33,355 INFO o.a.j.t.JMeterThread: Thread finished: TG - Spike burst 1 (300 VU) 2-14
2026-08-15 16:07:33,354 INFO o.a.j.t.JMeterThread: Thread finished: TG - Spike burst 1 (300 VU) 2-297
2026-08-15 16:07:33,354 INFO o.a.j.t.JMeterThread: Thread finished: TG - Spike burst 1 (300 VU) 2-49
2026-08-15 16:07:33,353 INFO o.a.j.t.JMeterThread: Stopping because end time detected by thread: TG - Spike burst 1 (300 VU) 2-296
2026-08-15 16:07:33,353 INFO o.a.j.t.JMeterThread: Stopping because end time detected by thread: TG - Spike burst 1 (300 VU) 2-286
2026-08-15 16:07:33,356 INFO o.a.j.t.JMeterThread: Thread finished: TG - Spike burst 1 (300 VU) 2-296
2026-08-15 16:07:33,353 INFO o.a.j.t.JMeterThread: Thread finished: TG - Spike burst 1 (300 VU) 2-224
2026-08-15 16:07:33,353 INFO o.a.j.t.JMeterThread: Thread finished: TG - Spike burst 1 (300 VU) 2-126
2026-08-15 16:07:33,353 INFO o.a.j.t.JMeterThread: Thread finished: TG - Spike burst 1 (300 VU) 2-284
2026-08-15 16:07:33,353 INFO o.a.j.t.JMeterThread: Thread finished: TG - Spike burst 1 (300 VU) 2-157
2026-08-15 16:07:33,353 INFO o.a.j.t.JMeterThread: Thread finished: TG - Spike burst 1 (300 VU) 2-69
2026-08-15 16:07:33,353 INFO o.a.j.t.JMeterThread: Stopping because end time detected by thread: TG - Spike burst 1 (300 VU) 2-111
2026-08-15 16:07:33,356 INFO o.a.j.t.JMeterThread: Thread finished: TG - Spike burst 1 (300 VU) 2-111
2026-08-15 16:07:33,353 INFO o.a.j.t.JMeterThread: Stopping because end time detected by thread: TG - Spike burst 1 (300 VU) 2-129
2026-08-15 16:07:33,356 INFO o.a.j.t.JMeterThread: Thread finished: TG - Spike burst 1 (300 VU) 2-94
2026-08-15 16:07:33,353 INFO o.a.j.t.JMeterThread: Thread finished: TG - Spike burst 1 (300 VU) 2-237
2026-08-15 16:07:33,356 INFO o.a.j.t.JMeterThread: Thread finished: TG - Spike burst 1 (300 VU) 2-129
2026-08-15 16:07:33,353 INFO o.a.j.t.JMeterThread: Stopping because end time detected by thread: TG - Spike burst 1 (300 VU) 2-261
2026-08-15 16:07:33,356 INFO o.a.j.t.JMeterThread: Thread finished: TG - Spike burst 1 (300 VU) 2-261
2026-08-15 16:07:33,353 INFO o.a.j.t.JMeterThread: Stopping because end time detected by thread: TG - Spike burst 1 (300 VU) 2-282
2026-08-15 16:07:33,356 INFO o.a.j.t.JMeterThread: Thread finished: TG - Spike burst 1 (300 VU) 2-282
2026-08-15 16:07:33,353 INFO o.a.j.t.JMeterThread: Thread finished: TG - Spike burst 1 (300 VU) 2-100
2026-08-15 16:07:33,353 INFO o.a.j.t.JMeterThread: Stopping because end time detected by thread: TG - Spike burst 1 (300 VU) 2-266
2026-08-15 16:07:33,353 INFO o.a.j.t.JMeterThread: Stopping because end time detected by thread: TG - Spike burst 1 (300 VU) 2-271
2026-08-15 16:07:33,353 INFO o.a.j.t.JMeterThread: Stopping because end time detected by thread: TG - Spike burst 1 (300 VU) 2-90
2026-08-15 16:07:33,353 INFO o.a.j.t.JMeterThread: Stopping because end time detected by thread: TG - Spike burst 1 (300 VU) 2-102
2026-08-15 16:07:33,356 INFO o.a.j.t.JMeterThread: Thread finished: TG - Spike burst 1 (300 VU) 2-90
2026-08-15 16:07:33,356 INFO o.a.j.t.JMeterThread: Thread finished: TG - Spike burst 1 (300 VU) 2-102
2026-08-15 16:07:33,356 INFO o.a.j.t.JMeterThread: Thread finished: TG - Spike burst 1 (300 VU) 2-30
2026-08-15 16:07:33,353 INFO o.a.j.t.JMeterThread: Stopping because end time detected by thread: TG - Spike burst 1 (300 VU) 2-272
2026-08-15 16:07:33,353 INFO o.a.j.t.JMeterThread: Thread finished: TG - Spike burst 1 (300 VU) 2-35
2026-08-15 16:07:33,353 INFO o.a.j.t.JMeterThread: Thread finished: TG - Spike burst 1 (300 VU) 2-65
2026-08-15 16:07:33,356 INFO o.a.j.t.JMeterThread: Thread finished: TG - Spike burst 1 (300 VU) 2-289
2026-08-15 16:07:33,353 INFO o.a.j.t.JMeterThread: Thread finished: TG - Spike burst 1 (300 VU) 2-279
2026-08-15 16:07:33,353 INFO o.a.j.t.JMeterThread: Thread finished: TG - Spike burst 1 (300 VU) 2-299
2026-08-15 16:07:33,353 INFO o.a.j.t.JMeterThread: Thread finished: TG - Spike burst 1 (300 VU) 2-244
2026-08-15 16:07:33,353 INFO o.a.j.t.JMeterThread: Thread finished: TG - Spike burst 1 (300 VU) 2-39
2026-08-15 16:07:33,353 INFO o.a.j.t.JMeterThread: Stopping because end time detected by thread: TG - Spike burst 1 (300 VU) 2-177
2026-08-15 16:07:33,353 INFO o.a.j.t.JMeterThread: Stopping because end time detected by thread: TG - Spike burst 1 (300 VU) 2-91
2026-08-15 16:07:33,356 INFO o.a.j.t.JMeterThread: Thread finished: TG - Spike burst 1 (300 VU) 2-177
2026-08-15 16:07:33,356 INFO o.a.j.t.JMeterThread: Thread finished: TG - Spike burst 1 (300 VU) 2-91
2026-08-15 16:07:33,353 INFO o.a.j.t.JMeterThread: Thread finished: TG - Spike burst 1 (300 VU) 2-254
2026-08-15 16:07:33,356 INFO o.a.j.t.JMeterThread: Thread finished: TG - Spike burst 1 (300 VU) 2-290
2026-08-15 16:07:33,353 INFO o.a.j.t.JMeterThread: Stopping because end time detected by thread: TG - Spike burst 1 (300 VU) 2-22
2026-08-15 16:07:33,353 INFO o.a.j.t.JMeterThread: Stopping because end time detected by thread: TG - Spike burst 1 (300 VU) 2-70
2026-08-15 16:07:33,356 INFO o.a.j.t.JMeterThread: Thread finished: TG - Spike burst 1 (300 VU) 2-22
2026-08-15 16:07:33,353 INFO o.a.j.t.JMeterThread: Thread finished: TG - Spike burst 1 (300 VU) 2-156
2026-08-15 16:07:33,353 INFO o.a.j.t.JMeterThread: Stopping because end time detected by thread: TG - Spike burst 1 (300 VU) 2-267
2026-08-15 16:07:33,356 INFO o.a.j.t.JMeterThread: Thread finished: TG - Spike burst 1 (300 VU) 2-267
2026-08-15 16:07:33,356 INFO o.a.j.t.JMeterThread: Thread finished: TG - Spike burst 1 (300 VU) 2-70
2026-08-15 16:07:33,356 INFO o.a.j.t.JMeterThread: Thread finished: TG - Spike burst 1 (300 VU) 2-147
2026-08-15 16:07:33,356 INFO o.a.j.t.JMeterThread: Thread finished: TG - Spike burst 1 (300 VU) 2-272
2026-08-15 16:07:33,356 INFO o.a.j.t.JMeterThread: Thread finished: TG - Spike burst 1 (300 VU) 2-271
2026-08-15 16:07:33,356 INFO o.a.j.t.JMeterThread: Thread finished: TG - Spike burst 1 (300 VU) 2-266
2026-08-15 16:07:33,356 INFO o.a.j.t.JMeterThread: Thread finished: TG - Spike burst 1 (300 VU) 2-286
2026-08-15 16:07:33,355 INFO o.a.j.t.JMeterThread: Thread finished: TG - Spike burst 1 (300 VU) 2-74
2026-08-15 16:07:33,355 INFO o.a.j.t.JMeterThread: Thread finished: TG - Spike burst 1 (300 VU) 2-68
2026-08-15 16:08:00,011 INFO o.a.j.r.Summariser: summary +  13585 in 00:00:30 =  452.7/s Avg:    73 Min:     0 Max:   171 Err:     0 (0.00%) Active: 20 Started: 320 Finished: 300
2026-08-15 16:08:00,012 INFO o.a.j.r.Summariser: summary = 233300 in 00:02:57 = 1319.7/s Avg:    73 Min:     0 Max:   507 Err:     0 (0.00%)
2026-08-15 16:08:30,055 INFO o.a.j.r.Summariser: summary +    305 in 00:00:30 =   10.2/s Avg:     3 Min:     0 Max:    11 Err:     0 (0.00%) Active: 20 Started: 320 Finished: 300
2026-08-15 16:08:30,057 INFO o.a.j.r.Summariser: summary = 233605 in 00:03:27 = 1129.5/s Avg:    73 Min:     0 Max:   507 Err:     0 (0.00%)
2026-08-15 16:08:33,325 INFO o.a.j.t.JMeterThread: Thread started: TG - Spike burst 2 (300 VU) 3-1
2026-08-15 16:08:33,344 INFO o.a.j.t.JMeterThread: Thread started: TG - Spike burst 2 (300 VU) 3-2
2026-08-15 16:08:33,364 INFO o.a.j.t.JMeterThread: Thread started: TG - Spike burst 2 (300 VU) 3-3
2026-08-15 16:08:33,379 INFO o.a.j.t.JMeterThread: Thread started: TG - Spike burst 2 (300 VU) 3-4
2026-08-15 16:08:33,396 INFO o.a.j.t.JMeterThread: Thread started: TG - Spike burst 2 (300 VU) 3-5
2026-08-15 16:08:33,414 INFO o.a.j.t.JMeterThread: Thread started: TG - Spike burst 2 (300 VU) 3-6
2026-08-15 16:08:33,431 INFO o.a.j.t.JMeterThread: Thread started: TG - Spike burst 2 (300 VU) 3-7
2026-08-15 16:08:33,447 INFO o.a.j.t.JMeterThread: Thread started: TG - Spike burst 2 (300 VU) 3-8
2026-08-15 16:08:33,464 INFO o.a.j.t.JMeterThread: Thread started: TG - Spike burst 2 (300 VU) 3-9
2026-08-15 16:08:33,478 INFO o.a.j.t.JMeterThread: Thread started: TG - Spike burst 2 (300 VU) 3-10
2026-08-15 16:08:33,494 INFO o.a.j.t.JMeterThread: Thread started: TG - Spike burst 2 (300 VU) 3-11
2026-08-15 16:08:33,514 INFO o.a.j.t.JMeterThread: Thread started: TG - Spike burst 2 (300 VU) 3-12
2026-08-15 16:08:33,533 INFO o.a.j.t.JMeterThread: Thread started: TG - Spike burst 2 (300 VU) 3-13
2026-08-15 16:08:33,549 INFO o.a.j.t.JMeterThread: Thread started: TG - Spike burst 2 (300 VU) 3-14
2026-08-15 16:08:33,566 INFO o.a.j.t.JMeterThread: Thread started: TG - Spike burst 2 (300 VU) 3-15
2026-08-15 16:08:33,584 INFO o.a.j.t.JMeterThread: Thread started: TG - Spike burst 2 (300 VU) 3-16
2026-08-15 16:08:33,599 INFO o.a.j.t.JMeterThread: Thread started: TG - Spike burst 2 (300 VU) 3-17
2026-08-15 16:08:33,615 INFO o.a.j.t.JMeterThread: Thread started: TG - Spike burst 2 (300 VU) 3-18
2026-08-15 16:08:33,632 INFO o.a.j.t.JMeterThread: Thread started: TG - Spike burst 2 (300 VU) 3-19
2026-08-15 16:08:33,649 INFO o.a.j.t.JMeterThread: Thread started: TG - Spike burst 2 (300 VU) 3-20
2026-08-15 16:08:33,669 INFO o.a.j.t.JMeterThread: Thread started: TG - Spike burst 2 (300 VU) 3-21
2026-08-15 16:08:33,685 INFO o.a.j.t.JMeterThread: Thread started: TG - Spike burst 2 (300 VU) 3-22
2026-08-15 16:08:33,699 INFO o.a.j.t.JMeterThread: Thread started: TG - Spike burst 2 (300 VU) 3-23
2026-08-15 16:08:33,720 INFO o.a.j.t.JMeterThread: Thread started: TG - Spike burst 2 (300 VU) 3-24
2026-08-15 16:08:33,733 INFO o.a.j.t.JMeterThread: Thread started: TG - Spike burst 2 (300 VU) 3-25
2026-08-15 16:08:33,751 INFO o.a.j.t.JMeterThread: Thread started: TG - Spike burst 2 (300 VU) 3-26
2026-08-15 16:08:33,771 INFO o.a.j.t.JMeterThread: Thread started: TG - Spike burst 2 (300 VU) 3-27
2026-08-15 16:08:33,785 INFO o.a.j.t.JMeterThread: Thread started: TG - Spike burst 2 (300 VU) 3-28
2026-08-15 16:08:33,800 INFO o.a.j.t.JMeterThread: Thread started: TG - Spike burst 2 (300 VU) 3-29
2026-08-15 16:08:33,820 INFO o.a.j.t.JMeterThread: Thread started: TG - Spike burst 2 (300 VU) 3-30
2026-08-15 16:08:33,837 INFO o.a.j.t.JMeterThread: Thread started: TG - Spike burst 2 (300 VU) 3-31
2026-08-15 16:08:33,857 INFO o.a.j.t.JMeterThread: Thread started: TG - Spike burst 2 (300 VU) 3-32
2026-08-15 16:08:33,871 INFO o.a.j.t.JMeterThread: Thread started: TG - Spike burst 2 (300 VU) 3-33
2026-08-15 16:08:33,890 INFO o.a.j.t.JMeterThread: Thread started: TG - Spike burst 2 (300 VU) 3-34
2026-08-15 16:08:33,904 INFO o.a.j.t.JMeterThread: Thread started: TG - Spike burst 2 (300 VU) 3-35
2026-08-15 16:08:33,918 INFO o.a.j.t.JMeterThread: Thread started: TG - Spike burst 2 (300 VU) 3-36
2026-08-15 16:08:33,936 INFO o.a.j.t.JMeterThread: Thread started: TG - Spike burst 2 (300 VU) 3-37
2026-08-15 16:08:33,956 INFO o.a.j.t.JMeterThread: Thread started: TG - Spike burst 2 (300 VU) 3-38
2026-08-15 16:08:33,970 INFO o.a.j.t.JMeterThread: Thread started: TG - Spike burst 2 (300 VU) 3-39
2026-08-15 16:08:33,990 INFO o.a.j.t.JMeterThread: Thread started: TG - Spike burst 2 (300 VU) 3-40
2026-08-15 16:08:34,007 INFO o.a.j.t.JMeterThread: Thread started: TG - Spike burst 2 (300 VU) 3-41
2026-08-15 16:08:34,026 INFO o.a.j.t.JMeterThread: Thread started: TG - Spike burst 2 (300 VU) 3-42
2026-08-15 16:08:34,040 INFO o.a.j.t.JMeterThread: Thread started: TG - Spike burst 2 (300 VU) 3-43
2026-08-15 16:08:34,058 INFO o.a.j.t.JMeterThread: Thread started: TG - Spike burst 2 (300 VU) 3-44
2026-08-15 16:08:34,074 INFO o.a.j.t.JMeterThread: Thread started: TG - Spike burst 2 (300 VU) 3-45
2026-08-15 16:08:34,089 INFO o.a.j.t.JMeterThread: Thread started: TG - Spike burst 2 (300 VU) 3-46
2026-08-15 16:08:34,109 INFO o.a.j.t.JMeterThread: Thread started: TG - Spike burst 2 (300 VU) 3-47
2026-08-15 16:08:34,124 INFO o.a.j.t.JMeterThread: Thread started: TG - Spike burst 2 (300 VU) 3-48
2026-08-15 16:08:34,141 INFO o.a.j.t.JMeterThread: Thread started: TG - Spike burst 2 (300 VU) 3-49
2026-08-15 16:08:34,157 INFO o.a.j.t.JMeterThread: Thread started: TG - Spike burst 2 (300 VU) 3-50
2026-08-15 16:08:34,172 INFO o.a.j.t.JMeterThread: Thread started: TG - Spike burst 2 (300 VU) 3-51
2026-08-15 16:08:34,194 INFO o.a.j.t.JMeterThread: Thread started: TG - Spike burst 2 (300 VU) 3-52
2026-08-15 16:08:34,215 INFO o.a.j.t.JMeterThread: Thread started: TG - Spike burst 2 (300 VU) 3-53
2026-08-15 16:08:34,229 INFO o.a.j.t.JMeterThread: Thread started: TG - Spike burst 2 (300 VU) 3-54
2026-08-15 16:08:34,247 INFO o.a.j.t.JMeterThread: Thread started: TG - Spike burst 2 (300 VU) 3-55
2026-08-15 16:08:34,265 INFO o.a.j.t.JMeterThread: Thread started: TG - Spike burst 2 (300 VU) 3-56
2026-08-15 16:08:34,276 INFO o.a.j.t.JMeterThread: Thread started: TG - Spike burst 2 (300 VU) 3-57
2026-08-15 16:08:34,294 INFO o.a.j.t.JMeterThread: Thread started: TG - Spike burst 2 (300 VU) 3-58
2026-08-15 16:08:34,315 INFO o.a.j.t.JMeterThread: Thread started: TG - Spike burst 2 (300 VU) 3-59
2026-08-15 16:08:34,328 INFO o.a.j.t.JMeterThread: Thread started: TG - Spike burst 2 (300 VU) 3-60
2026-08-15 16:08:34,346 INFO o.a.j.t.JMeterThread: Thread started: TG - Spike burst 2 (300 VU) 3-61
2026-08-15 16:08:34,361 INFO o.a.j.t.JMeterThread: Thread started: TG - Spike burst 2 (300 VU) 3-62
2026-08-15 16:08:34,381 INFO o.a.j.t.JMeterThread: Thread started: TG - Spike burst 2 (300 VU) 3-63
2026-08-15 16:08:34,398 INFO o.a.j.t.JMeterThread: Thread started: TG - Spike burst 2 (300 VU) 3-64
2026-08-15 16:08:34,413 INFO o.a.j.t.JMeterThread: Thread started: TG - Spike burst 2 (300 VU) 3-65
2026-08-15 16:08:34,427 INFO o.a.j.t.JMeterThread: Thread started: TG - Spike burst 2 (300 VU) 3-66
2026-08-15 16:08:34,446 INFO o.a.j.t.JMeterThread: Thread started: TG - Spike burst 2 (300 VU) 3-67
2026-08-15 16:08:34,469 INFO o.a.j.t.JMeterThread: Thread started: TG - Spike burst 2 (300 VU) 3-68
2026-08-15 16:08:34,486 INFO o.a.j.t.JMeterThread: Thread started: TG - Spike burst 2 (300 VU) 3-69
2026-08-15 16:08:34,503 INFO o.a.j.t.JMeterThread: Thread started: TG - Spike burst 2 (300 VU) 3-70
2026-08-15 16:08:34,515 INFO o.a.j.t.JMeterThread: Thread started: TG - Spike burst 2 (300 VU) 3-71
2026-08-15 16:08:34,532 INFO o.a.j.t.JMeterThread: Thread started: TG - Spike burst 2 (300 VU) 3-72
2026-08-15 16:08:34,550 INFO o.a.j.t.JMeterThread: Thread started: TG - Spike burst 2 (300 VU) 3-73
2026-08-15 16:08:34,568 INFO o.a.j.t.JMeterThread: Thread started: TG - Spike burst 2 (300 VU) 3-74
2026-08-15 16:08:34,585 INFO o.a.j.t.JMeterThread: Thread started: TG - Spike burst 2 (300 VU) 3-75
2026-08-15 16:08:34,598 INFO o.a.j.t.JMeterThread: Thread started: TG - Spike burst 2 (300 VU) 3-76
2026-08-15 16:08:34,623 INFO o.a.j.t.JMeterThread: Thread started: TG - Spike burst 2 (300 VU) 3-77
2026-08-15 16:08:34,638 INFO o.a.j.t.JMeterThread: Thread started: TG - Spike burst 2 (300 VU) 3-78
2026-08-15 16:08:34,654 INFO o.a.j.t.JMeterThread: Thread started: TG - Spike burst 2 (300 VU) 3-79
2026-08-15 16:08:34,670 INFO o.a.j.t.JMeterThread: Thread started: TG - Spike burst 2 (300 VU) 3-80
2026-08-15 16:08:34,687 INFO o.a.j.t.JMeterThread: Thread started: TG - Spike burst 2 (300 VU) 3-81
2026-08-15 16:08:34,704 INFO o.a.j.t.JMeterThread: Thread started: TG - Spike burst 2 (300 VU) 3-82
2026-08-15 16:08:34,720 INFO o.a.j.t.JMeterThread: Thread started: TG - Spike burst 2 (300 VU) 3-83
2026-08-15 16:08:34,735 INFO o.a.j.t.JMeterThread: Thread started: TG - Spike burst 2 (300 VU) 3-84
2026-08-15 16:08:34,758 INFO o.a.j.t.JMeterThread: Thread started: TG - Spike burst 2 (300 VU) 3-85
2026-08-15 16:08:34,771 INFO o.a.j.t.JMeterThread: Thread started: TG - Spike burst 2 (300 VU) 3-86
2026-08-15 16:08:34,791 INFO o.a.j.t.JMeterThread: Thread started: TG - Spike burst 2 (300 VU) 3-87
2026-08-15 16:08:34,806 INFO o.a.j.t.JMeterThread: Thread started: TG - Spike burst 2 (300 VU) 3-88
2026-08-15 16:08:34,826 INFO o.a.j.t.JMeterThread: Thread started: TG - Spike burst 2 (300 VU) 3-89
2026-08-15 16:08:34,841 INFO o.a.j.t.JMeterThread: Thread started: TG - Spike burst 2 (300 VU) 3-90
2026-08-15 16:08:34,853 INFO o.a.j.t.JMeterThread: Thread started: TG - Spike burst 2 (300 VU) 3-91
2026-08-15 16:08:34,874 INFO o.a.j.t.JMeterThread: Thread started: TG - Spike burst 2 (300 VU) 3-92
2026-08-15 16:08:34,891 INFO o.a.j.t.JMeterThread: Thread started: TG - Spike burst 2 (300 VU) 3-93
2026-08-15 16:08:34,910 INFO o.a.j.t.JMeterThread: Thread started: TG - Spike burst 2 (300 VU) 3-94
2026-08-15 16:08:34,924 INFO o.a.j.t.JMeterThread: Thread started: TG - Spike burst 2 (300 VU) 3-95
2026-08-15 16:08:34,942 INFO o.a.j.t.JMeterThread: Thread started: TG - Spike burst 2 (300 VU) 3-96
2026-08-15 16:08:34,960 INFO o.a.j.t.JMeterThread: Thread started: TG - Spike burst 2 (300 VU) 3-97
2026-08-15 16:08:34,979 INFO o.a.j.t.JMeterThread: Thread started: TG - Spike burst 2 (300 VU) 3-98
2026-08-15 16:08:34,994 INFO o.a.j.t.JMeterThread: Thread started: TG - Spike burst 2 (300 VU) 3-99
2026-08-15 16:08:35,009 INFO o.a.j.t.JMeterThread: Thread started: TG - Spike burst 2 (300 VU) 3-100
2026-08-15 16:08:35,026 INFO o.a.j.t.JMeterThread: Thread started: TG - Spike burst 2 (300 VU) 3-101
2026-08-15 16:08:35,041 INFO o.a.j.t.JMeterThread: Thread started: TG - Spike burst 2 (300 VU) 3-102
2026-08-15 16:08:35,061 INFO o.a.j.t.JMeterThread: Thread started: TG - Spike burst 2 (300 VU) 3-103
2026-08-15 16:08:35,074 INFO o.a.j.t.JMeterThread: Thread started: TG - Spike burst 2 (300 VU) 3-104
2026-08-15 16:08:35,095 INFO o.a.j.t.JMeterThread: Thread started: TG - Spike burst 2 (300 VU) 3-105
2026-08-15 16:08:35,109 INFO o.a.j.t.JMeterThread: Thread started: TG - Spike burst 2 (300 VU) 3-106
2026-08-15 16:08:35,128 INFO o.a.j.t.JMeterThread: Thread started: TG - Spike burst 2 (300 VU) 3-107
2026-08-15 16:08:35,150 INFO o.a.j.t.JMeterThread: Thread started: TG - Spike burst 2 (300 VU) 3-108
2026-08-15 16:08:35,167 INFO o.a.j.t.JMeterThread: Thread started: TG - Spike burst 2 (300 VU) 3-109
2026-08-15 16:08:35,184 INFO o.a.j.t.JMeterThread: Thread started: TG - Spike burst 2 (300 VU) 3-110
2026-08-15 16:08:35,196 INFO o.a.j.t.JMeterThread: Thread started: TG - Spike burst 2 (300 VU) 3-111
2026-08-15 16:08:35,211 INFO o.a.j.t.JMeterThread: Thread started: TG - Spike burst 2 (300 VU) 3-112
2026-08-15 16:08:35,229 INFO o.a.j.t.JMeterThread: Thread started: TG - Spike burst 2 (300 VU) 3-113
2026-08-15 16:08:35,247 INFO o.a.j.t.JMeterThread: Thread started: TG - Spike burst 2 (300 VU) 3-114
2026-08-15 16:08:35,263 INFO o.a.j.t.JMeterThread: Thread started: TG - Spike burst 2 (300 VU) 3-115
2026-08-15 16:08:35,282 INFO o.a.j.t.JMeterThread: Thread started: TG - Spike burst 2 (300 VU) 3-116
2026-08-15 16:08:35,298 INFO o.a.j.t.JMeterThread: Thread started: TG - Spike burst 2 (300 VU) 3-117
2026-08-15 16:08:35,316 INFO o.a.j.t.JMeterThread: Thread started: TG - Spike burst 2 (300 VU) 3-118
2026-08-15 16:08:35,333 INFO o.a.j.t.JMeterThread: Thread started: TG - Spike burst 2 (300 VU) 3-119
2026-08-15 16:08:35,352 INFO o.a.j.t.JMeterThread: Thread started: TG - Spike burst 2 (300 VU) 3-120
2026-08-15 16:08:35,366 INFO o.a.j.t.JMeterThread: Thread started: TG - Spike burst 2 (300 VU) 3-121
2026-08-15 16:08:35,381 INFO o.a.j.t.JMeterThread: Thread started: TG - Spike burst 2 (300 VU) 3-122
2026-08-15 16:08:35,403 INFO o.a.j.t.JMeterThread: Thread started: TG - Spike burst 2 (300 VU) 3-123
2026-08-15 16:08:35,417 INFO o.a.j.t.JMeterThread: Thread started: TG - Spike burst 2 (300 VU) 3-124
2026-08-15 16:08:35,436 INFO o.a.j.t.JMeterThread: Thread started: TG - Spike burst 2 (300 VU) 3-125
2026-08-15 16:08:35,452 INFO o.a.j.t.JMeterThread: Thread started: TG - Spike burst 2 (300 VU) 3-126
2026-08-15 16:08:35,470 INFO o.a.j.t.JMeterThread: Thread started: TG - Spike burst 2 (300 VU) 3-127
2026-08-15 16:08:35,486 INFO o.a.j.t.JMeterThread: Thread started: TG - Spike burst 2 (300 VU) 3-128
2026-08-15 16:08:35,504 INFO o.a.j.t.JMeterThread: Thread started: TG - Spike burst 2 (300 VU) 3-129
2026-08-15 16:08:35,519 INFO o.a.j.t.JMeterThread: Thread started: TG - Spike burst 2 (300 VU) 3-130
2026-08-15 16:08:35,537 INFO o.a.j.t.JMeterThread: Thread started: TG - Spike burst 2 (300 VU) 3-131
2026-08-15 16:08:35,554 INFO o.a.j.t.JMeterThread: Thread started: TG - Spike burst 2 (300 VU) 3-132
2026-08-15 16:08:35,570 INFO o.a.j.t.JMeterThread: Thread started: TG - Spike burst 2 (300 VU) 3-133
2026-08-15 16:08:35,590 INFO o.a.j.t.JMeterThread: Thread started: TG - Spike burst 2 (300 VU) 3-134
2026-08-15 16:08:35,603 INFO o.a.j.t.JMeterThread: Thread started: TG - Spike burst 2 (300 VU) 3-135
2026-08-15 16:08:35,622 INFO o.a.j.t.JMeterThread: Thread started: TG - Spike burst 2 (300 VU) 3-136
2026-08-15 16:08:35,639 INFO o.a.j.t.JMeterThread: Thread started: TG - Spike burst 2 (300 VU) 3-137
2026-08-15 16:08:35,653 INFO o.a.j.t.JMeterThread: Thread started: TG - Spike burst 2 (300 VU) 3-138
2026-08-15 16:08:35,671 INFO o.a.j.t.JMeterThread: Thread started: TG - Spike burst 2 (300 VU) 3-139
2026-08-15 16:08:35,691 INFO o.a.j.t.JMeterThread: Thread started: TG - Spike burst 2 (300 VU) 3-140
2026-08-15 16:08:35,704 INFO o.a.j.t.JMeterThread: Thread started: TG - Spike burst 2 (300 VU) 3-141
2026-08-15 16:08:35,726 INFO o.a.j.t.JMeterThread: Thread started: TG - Spike burst 2 (300 VU) 3-142
2026-08-15 16:08:35,740 INFO o.a.j.t.JMeterThread: Thread started: TG - Spike burst 2 (300 VU) 3-143
2026-08-15 16:08:35,755 INFO o.a.j.t.JMeterThread: Thread started: TG - Spike burst 2 (300 VU) 3-144
2026-08-15 16:08:35,777 INFO o.a.j.t.JMeterThread: Thread started: TG - Spike burst 2 (300 VU) 3-145
2026-08-15 16:08:35,793 INFO o.a.j.t.JMeterThread: Thread started: TG - Spike burst 2 (300 VU) 3-146
2026-08-15 16:08:35,809 INFO o.a.j.t.JMeterThread: Thread started: TG - Spike burst 2 (300 VU) 3-147
2026-08-15 16:08:35,828 INFO o.a.j.t.JMeterThread: Thread started: TG - Spike burst 2 (300 VU) 3-148
2026-08-15 16:08:35,842 INFO o.a.j.t.JMeterThread: Thread started: TG - Spike burst 2 (300 VU) 3-149
2026-08-15 16:08:35,858 INFO o.a.j.t.JMeterThread: Thread started: TG - Spike burst 2 (300 VU) 3-150
2026-08-15 16:08:35,877 INFO o.a.j.t.JMeterThread: Thread started: TG - Spike burst 2 (300 VU) 3-151
2026-08-15 16:08:35,889 INFO o.a.j.t.JMeterThread: Thread started: TG - Spike burst 2 (300 VU) 3-152
2026-08-15 16:08:35,907 INFO o.a.j.t.JMeterThread: Thread started: TG - Spike burst 2 (300 VU) 3-153
2026-08-15 16:08:35,928 INFO o.a.j.t.JMeterThread: Thread started: TG - Spike burst 2 (300 VU) 3-154
2026-08-15 16:08:35,946 INFO o.a.j.t.JMeterThread: Thread started: TG - Spike burst 2 (300 VU) 3-155
2026-08-15 16:08:35,963 INFO o.a.j.t.JMeterThread: Thread started: TG - Spike burst 2 (300 VU) 3-156
2026-08-15 16:08:35,977 INFO o.a.j.t.JMeterThread: Thread started: TG - Spike burst 2 (300 VU) 3-157
2026-08-15 16:08:35,996 INFO o.a.j.t.JMeterThread: Thread started: TG - Spike burst 2 (300 VU) 3-158
2026-08-15 16:08:36,011 INFO o.a.j.t.JMeterThread: Thread started: TG - Spike burst 2 (300 VU) 3-159
2026-08-15 16:08:36,029 INFO o.a.j.t.JMeterThread: Thread started: TG - Spike burst 2 (300 VU) 3-160
2026-08-15 16:08:36,047 INFO o.a.j.t.JMeterThread: Thread started: TG - Spike burst 2 (300 VU) 3-161
2026-08-15 16:08:36,067 INFO o.a.j.t.JMeterThread: Thread started: TG - Spike burst 2 (300 VU) 3-162
2026-08-15 16:08:36,081 INFO o.a.j.t.JMeterThread: Thread started: TG - Spike burst 2 (300 VU) 3-163
2026-08-15 16:08:36,097 INFO o.a.j.t.JMeterThread: Thread started: TG - Spike burst 2 (300 VU) 3-164
2026-08-15 16:08:36,111 INFO o.a.j.t.JMeterThread: Thread started: TG - Spike burst 2 (300 VU) 3-165
2026-08-15 16:08:36,135 INFO o.a.j.t.JMeterThread: Thread started: TG - Spike burst 2 (300 VU) 3-166
2026-08-15 16:08:36,150 INFO o.a.j.t.JMeterThread: Thread started: TG - Spike burst 2 (300 VU) 3-167
2026-08-15 16:08:36,167 INFO o.a.j.t.JMeterThread: Thread started: TG - Spike burst 2 (300 VU) 3-168
2026-08-15 16:08:36,183 INFO o.a.j.t.JMeterThread: Thread started: TG - Spike burst 2 (300 VU) 3-169
2026-08-15 16:08:36,199 INFO o.a.j.t.JMeterThread: Thread started: TG - Spike burst 2 (300 VU) 3-170
2026-08-15 16:08:36,220 INFO o.a.j.t.JMeterThread: Thread started: TG - Spike burst 2 (300 VU) 3-171
2026-08-15 16:08:36,235 INFO o.a.j.t.JMeterThread: Thread started: TG - Spike burst 2 (300 VU) 3-172
2026-08-15 16:08:36,253 INFO o.a.j.t.JMeterThread: Thread started: TG - Spike burst 2 (300 VU) 3-173
2026-08-15 16:08:36,270 INFO o.a.j.t.JMeterThread: Thread started: TG - Spike burst 2 (300 VU) 3-174
2026-08-15 16:08:36,283 INFO o.a.j.t.JMeterThread: Thread started: TG - Spike burst 2 (300 VU) 3-175
2026-08-15 16:08:36,303 INFO o.a.j.t.JMeterThread: Thread started: TG - Spike burst 2 (300 VU) 3-176
2026-08-15 16:08:36,319 INFO o.a.j.t.JMeterThread: Thread started: TG - Spike burst 2 (300 VU) 3-177
2026-08-15 16:08:36,338 INFO o.a.j.t.JMeterThread: Thread started: TG - Spike burst 2 (300 VU) 3-178
2026-08-15 16:08:36,353 INFO o.a.j.t.JMeterThread: Thread started: TG - Spike burst 2 (300 VU) 3-179
2026-08-15 16:08:36,367 INFO o.a.j.t.JMeterThread: Thread started: TG - Spike burst 2 (300 VU) 3-180
2026-08-15 16:08:36,387 INFO o.a.j.t.JMeterThread: Thread started: TG - Spike burst 2 (300 VU) 3-181
2026-08-15 16:08:36,402 INFO o.a.j.t.JMeterThread: Thread started: TG - Spike burst 2 (300 VU) 3-182
2026-08-15 16:08:36,423 INFO o.a.j.t.JMeterThread: Thread started: TG - Spike burst 2 (300 VU) 3-183
2026-08-15 16:08:36,436 INFO o.a.j.t.JMeterThread: Thread started: TG - Spike burst 2 (300 VU) 3-184
2026-08-15 16:08:36,453 INFO o.a.j.t.JMeterThread: Thread started: TG - Spike burst 2 (300 VU) 3-185
2026-08-15 16:08:36,471 INFO o.a.j.t.JMeterThread: Thread started: TG - Spike burst 2 (300 VU) 3-186
2026-08-15 16:08:36,491 INFO o.a.j.t.JMeterThread: Thread started: TG - Spike burst 2 (300 VU) 3-187
2026-08-15 16:08:36,506 INFO o.a.j.t.JMeterThread: Thread started: TG - Spike burst 2 (300 VU) 3-188
2026-08-15 16:08:36,525 INFO o.a.j.t.JMeterThread: Thread started: TG - Spike burst 2 (300 VU) 3-189
2026-08-15 16:08:36,543 INFO o.a.j.t.JMeterThread: Thread started: TG - Spike burst 2 (300 VU) 3-190
2026-08-15 16:08:36,558 INFO o.a.j.t.JMeterThread: Thread started: TG - Spike burst 2 (300 VU) 3-191
2026-08-15 16:08:36,576 INFO o.a.j.t.JMeterThread: Thread started: TG - Spike burst 2 (300 VU) 3-192
2026-08-15 16:08:36,593 INFO o.a.j.t.JMeterThread: Thread started: TG - Spike burst 2 (300 VU) 3-193
2026-08-15 16:08:36,609 INFO o.a.j.t.JMeterThread: Thread started: TG - Spike burst 2 (300 VU) 3-194
2026-08-15 16:08:36,622 INFO o.a.j.t.JMeterThread: Thread started: TG - Spike burst 2 (300 VU) 3-195
2026-08-15 16:08:36,642 INFO o.a.j.t.JMeterThread: Thread started: TG - Spike burst 2 (300 VU) 3-196
2026-08-15 16:08:36,661 INFO o.a.j.t.JMeterThread: Thread started: TG - Spike burst 2 (300 VU) 3-197
2026-08-15 16:08:36,677 INFO o.a.j.t.JMeterThread: Thread started: TG - Spike burst 2 (300 VU) 3-198
2026-08-15 16:08:36,695 INFO o.a.j.t.JMeterThread: Thread started: TG - Spike burst 2 (300 VU) 3-199
2026-08-15 16:08:36,711 INFO o.a.j.t.JMeterThread: Thread started: TG - Spike burst 2 (300 VU) 3-200
2026-08-15 16:08:36,727 INFO o.a.j.t.JMeterThread: Thread started: TG - Spike burst 2 (300 VU) 3-201
2026-08-15 16:08:36,745 INFO o.a.j.t.JMeterThread: Thread started: TG - Spike burst 2 (300 VU) 3-202
2026-08-15 16:08:36,762 INFO o.a.j.t.JMeterThread: Thread started: TG - Spike burst 2 (300 VU) 3-203
2026-08-15 16:08:36,776 INFO o.a.j.t.JMeterThread: Thread started: TG - Spike burst 2 (300 VU) 3-204
2026-08-15 16:08:36,793 INFO o.a.j.t.JMeterThread: Thread started: TG - Spike burst 2 (300 VU) 3-205
2026-08-15 16:08:36,812 INFO o.a.j.t.JMeterThread: Thread started: TG - Spike burst 2 (300 VU) 3-206
2026-08-15 16:08:36,830 INFO o.a.j.t.JMeterThread: Thread started: TG - Spike burst 2 (300 VU) 3-207
2026-08-15 16:08:36,846 INFO o.a.j.t.JMeterThread: Thread started: TG - Spike burst 2 (300 VU) 3-208
2026-08-15 16:08:36,862 INFO o.a.j.t.JMeterThread: Thread started: TG - Spike burst 2 (300 VU) 3-209
2026-08-15 16:08:36,879 INFO o.a.j.t.JMeterThread: Thread started: TG - Spike burst 2 (300 VU) 3-210
2026-08-15 16:08:36,897 INFO o.a.j.t.JMeterThread: Thread started: TG - Spike burst 2 (300 VU) 3-211
2026-08-15 16:08:36,915 INFO o.a.j.t.JMeterThread: Thread started: TG - Spike burst 2 (300 VU) 3-212
2026-08-15 16:08:36,935 INFO o.a.j.t.JMeterThread: Thread started: TG - Spike burst 2 (300 VU) 3-213
2026-08-15 16:08:36,950 INFO o.a.j.t.JMeterThread: Thread started: TG - Spike burst 2 (300 VU) 3-214
2026-08-15 16:08:36,962 INFO o.a.j.t.JMeterThread: Thread started: TG - Spike burst 2 (300 VU) 3-215
2026-08-15 16:08:36,984 INFO o.a.j.t.JMeterThread: Thread started: TG - Spike burst 2 (300 VU) 3-216
2026-08-15 16:08:36,998 INFO o.a.j.t.JMeterThread: Thread started: TG - Spike burst 2 (300 VU) 3-217
2026-08-15 16:08:37,020 INFO o.a.j.t.JMeterThread: Thread started: TG - Spike burst 2 (300 VU) 3-218
2026-08-15 16:08:37,037 INFO o.a.j.t.JMeterThread: Thread started: TG - Spike burst 2 (300 VU) 3-219
2026-08-15 16:08:37,045 INFO o.a.j.t.JMeterThread: Thread started: TG - Spike burst 2 (300 VU) 3-220
2026-08-15 16:08:37,071 INFO o.a.j.t.JMeterThread: Thread started: TG - Spike burst 2 (300 VU) 3-221
2026-08-15 16:08:37,087 INFO o.a.j.t.JMeterThread: Thread started: TG - Spike burst 2 (300 VU) 3-222
2026-08-15 16:08:37,099 INFO o.a.j.t.JMeterThread: Thread started: TG - Spike burst 2 (300 VU) 3-223
2026-08-15 16:08:37,116 INFO o.a.j.t.JMeterThread: Thread started: TG - Spike burst 2 (300 VU) 3-224
2026-08-15 16:08:37,138 INFO o.a.j.t.JMeterThread: Thread started: TG - Spike burst 2 (300 VU) 3-225
2026-08-15 16:08:37,154 INFO o.a.j.t.JMeterThread: Thread started: TG - Spike burst 2 (300 VU) 3-226
2026-08-15 16:08:37,172 INFO o.a.j.t.JMeterThread: Thread started: TG - Spike burst 2 (300 VU) 3-227
2026-08-15 16:08:37,185 INFO o.a.j.t.JMeterThread: Thread started: TG - Spike burst 2 (300 VU) 3-228
2026-08-15 16:08:37,204 INFO o.a.j.t.JMeterThread: Thread started: TG - Spike burst 2 (300 VU) 3-229
2026-08-15 16:08:37,222 INFO o.a.j.t.JMeterThread: Thread started: TG - Spike burst 2 (300 VU) 3-230
2026-08-15 16:08:37,239 INFO o.a.j.t.JMeterThread: Thread started: TG - Spike burst 2 (300 VU) 3-231
2026-08-15 16:08:37,258 INFO o.a.j.t.JMeterThread: Thread started: TG - Spike burst 2 (300 VU) 3-232
2026-08-15 16:08:37,275 INFO o.a.j.t.JMeterThread: Thread started: TG - Spike burst 2 (300 VU) 3-233
2026-08-15 16:08:37,287 INFO o.a.j.t.JMeterThread: Thread started: TG - Spike burst 2 (300 VU) 3-234
2026-08-15 16:08:37,307 INFO o.a.j.t.JMeterThread: Thread started: TG - Spike burst 2 (300 VU) 3-235
2026-08-15 16:08:37,324 INFO o.a.j.t.JMeterThread: Thread started: TG - Spike burst 2 (300 VU) 3-236
2026-08-15 16:08:37,339 INFO o.a.j.t.JMeterThread: Thread started: TG - Spike burst 2 (300 VU) 3-237
2026-08-15 16:08:37,358 INFO o.a.j.t.JMeterThread: Thread started: TG - Spike burst 2 (300 VU) 3-238
2026-08-15 16:08:37,374 INFO o.a.j.t.JMeterThread: Thread started: TG - Spike burst 2 (300 VU) 3-239
2026-08-15 16:08:37,387 INFO o.a.j.t.JMeterThread: Thread started: TG - Spike burst 2 (300 VU) 3-240
2026-08-15 16:08:37,405 INFO o.a.j.t.JMeterThread: Thread started: TG - Spike burst 2 (300 VU) 3-241
2026-08-15 16:08:37,427 INFO o.a.j.t.JMeterThread: Thread started: TG - Spike burst 2 (300 VU) 3-242
2026-08-15 16:08:37,442 INFO o.a.j.t.JMeterThread: Thread started: TG - Spike burst 2 (300 VU) 3-243
2026-08-15 16:08:37,459 INFO o.a.j.t.JMeterThread: Thread started: TG - Spike burst 2 (300 VU) 3-244
2026-08-15 16:08:37,476 INFO o.a.j.t.JMeterThread: Thread started: TG - Spike burst 2 (300 VU) 3-245
2026-08-15 16:08:37,493 INFO o.a.j.t.JMeterThread: Thread started: TG - Spike burst 2 (300 VU) 3-246
2026-08-15 16:08:37,510 INFO o.a.j.t.JMeterThread: Thread started: TG - Spike burst 2 (300 VU) 3-247
2026-08-15 16:08:37,530 INFO o.a.j.t.JMeterThread: Thread started: TG - Spike burst 2 (300 VU) 3-248
2026-08-15 16:08:37,545 INFO o.a.j.t.JMeterThread: Thread started: TG - Spike burst 2 (300 VU) 3-249
2026-08-15 16:08:37,558 INFO o.a.j.t.JMeterThread: Thread started: TG - Spike burst 2 (300 VU) 3-250
2026-08-15 16:08:37,578 INFO o.a.j.t.JMeterThread: Thread started: TG - Spike burst 2 (300 VU) 3-251
2026-08-15 16:08:37,595 INFO o.a.j.t.JMeterThread: Thread started: TG - Spike burst 2 (300 VU) 3-252
2026-08-15 16:08:37,614 INFO o.a.j.t.JMeterThread: Thread started: TG - Spike burst 2 (300 VU) 3-253
2026-08-15 16:08:37,630 INFO o.a.j.t.JMeterThread: Thread started: TG - Spike burst 2 (300 VU) 3-254
2026-08-15 16:08:37,639 INFO o.a.j.t.JMeterThread: Thread started: TG - Spike burst 2 (300 VU) 3-255
2026-08-15 16:08:37,661 INFO o.a.j.t.JMeterThread: Thread started: TG - Spike burst 2 (300 VU) 3-256
2026-08-15 16:08:37,677 INFO o.a.j.t.JMeterThread: Thread started: TG - Spike burst 2 (300 VU) 3-257
2026-08-15 16:08:37,699 INFO o.a.j.t.JMeterThread: Thread started: TG - Spike burst 2 (300 VU) 3-258
2026-08-15 16:08:37,717 INFO o.a.j.t.JMeterThread: Thread started: TG - Spike burst 2 (300 VU) 3-259
2026-08-15 16:08:37,732 INFO o.a.j.t.JMeterThread: Thread started: TG - Spike burst 2 (300 VU) 3-260
2026-08-15 16:08:37,749 INFO o.a.j.t.JMeterThread: Thread started: TG - Spike burst 2 (300 VU) 3-261
2026-08-15 16:08:37,766 INFO o.a.j.t.JMeterThread: Thread started: TG - Spike burst 2 (300 VU) 3-262
2026-08-15 16:08:37,783 INFO o.a.j.t.JMeterThread: Thread started: TG - Spike burst 2 (300 VU) 3-263
2026-08-15 16:08:37,799 INFO o.a.j.t.JMeterThread: Thread started: TG - Spike burst 2 (300 VU) 3-264
2026-08-15 16:08:37,817 INFO o.a.j.t.JMeterThread: Thread started: TG - Spike burst 2 (300 VU) 3-265
2026-08-15 16:08:37,836 INFO o.a.j.t.JMeterThread: Thread started: TG - Spike burst 2 (300 VU) 3-266
2026-08-15 16:08:37,853 INFO o.a.j.t.JMeterThread: Thread started: TG - Spike burst 2 (300 VU) 3-267
2026-08-15 16:08:37,868 INFO o.a.j.t.JMeterThread: Thread started: TG - Spike burst 2 (300 VU) 3-268
2026-08-15 16:08:37,884 INFO o.a.j.t.JMeterThread: Thread started: TG - Spike burst 2 (300 VU) 3-269
2026-08-15 16:08:37,901 INFO o.a.j.t.JMeterThread: Thread started: TG - Spike burst 2 (300 VU) 3-270
2026-08-15 16:08:37,915 INFO o.a.j.t.JMeterThread: Thread started: TG - Spike burst 2 (300 VU) 3-271
2026-08-15 16:08:37,936 INFO o.a.j.t.JMeterThread: Thread started: TG - Spike burst 2 (300 VU) 3-272
2026-08-15 16:08:37,953 INFO o.a.j.t.JMeterThread: Thread started: TG - Spike burst 2 (300 VU) 3-273
2026-08-15 16:08:37,969 INFO o.a.j.t.JMeterThread: Thread started: TG - Spike burst 2 (300 VU) 3-274
2026-08-15 16:08:37,988 INFO o.a.j.t.JMeterThread: Thread started: TG - Spike burst 2 (300 VU) 3-275
2026-08-15 16:08:38,000 INFO o.a.j.t.JMeterThread: Thread started: TG - Spike burst 2 (300 VU) 3-276
2026-08-15 16:08:38,020 INFO o.a.j.t.JMeterThread: Thread started: TG - Spike burst 2 (300 VU) 3-277
2026-08-15 16:08:38,036 INFO o.a.j.t.JMeterThread: Thread started: TG - Spike burst 2 (300 VU) 3-278
2026-08-15 16:08:38,053 INFO o.a.j.t.JMeterThread: Thread started: TG - Spike burst 2 (300 VU) 3-279
2026-08-15 16:08:38,074 INFO o.a.j.t.JMeterThread: Thread started: TG - Spike burst 2 (300 VU) 3-280
2026-08-15 16:08:38,089 INFO o.a.j.t.JMeterThread: Thread started: TG - Spike burst 2 (300 VU) 3-281
2026-08-15 16:08:38,101 INFO o.a.j.t.JMeterThread: Thread started: TG - Spike burst 2 (300 VU) 3-282
2026-08-15 16:08:38,120 INFO o.a.j.t.JMeterThread: Thread started: TG - Spike burst 2 (300 VU) 3-283
2026-08-15 16:08:38,137 INFO o.a.j.t.JMeterThread: Thread started: TG - Spike burst 2 (300 VU) 3-284
2026-08-15 16:08:38,157 INFO o.a.j.t.JMeterThread: Thread started: TG - Spike burst 2 (300 VU) 3-285
2026-08-15 16:08:38,170 INFO o.a.j.t.JMeterThread: Thread started: TG - Spike burst 2 (300 VU) 3-286
2026-08-15 16:08:38,193 INFO o.a.j.t.JMeterThread: Thread started: TG - Spike burst 2 (300 VU) 3-287
2026-08-15 16:08:38,205 INFO o.a.j.t.JMeterThread: Thread started: TG - Spike burst 2 (300 VU) 3-288
2026-08-15 16:08:38,223 INFO o.a.j.t.JMeterThread: Thread started: TG - Spike burst 2 (300 VU) 3-289
2026-08-15 16:08:38,240 INFO o.a.j.t.JMeterThread: Thread started: TG - Spike burst 2 (300 VU) 3-290
2026-08-15 16:08:38,256 INFO o.a.j.t.JMeterThread: Thread started: TG - Spike burst 2 (300 VU) 3-291
2026-08-15 16:08:38,277 INFO o.a.j.t.JMeterThread: Thread started: TG - Spike burst 2 (300 VU) 3-292
2026-08-15 16:08:38,291 INFO o.a.j.t.JMeterThread: Thread started: TG - Spike burst 2 (300 VU) 3-293
2026-08-15 16:08:38,310 INFO o.a.j.t.JMeterThread: Thread started: TG - Spike burst 2 (300 VU) 3-294
2026-08-15 16:08:38,325 INFO o.a.j.t.JMeterThread: Thread started: TG - Spike burst 2 (300 VU) 3-295
2026-08-15 16:08:38,345 INFO o.a.j.t.JMeterThread: Thread started: TG - Spike burst 2 (300 VU) 3-296
2026-08-15 16:08:38,361 INFO o.a.j.t.JMeterThread: Thread started: TG - Spike burst 2 (300 VU) 3-297
2026-08-15 16:08:38,377 INFO o.a.j.t.JMeterThread: Thread started: TG - Spike burst 2 (300 VU) 3-298
2026-08-15 16:08:38,389 INFO o.a.j.t.JMeterThread: Thread started: TG - Spike burst 2 (300 VU) 3-299
2026-08-15 16:08:38,410 INFO o.a.j.t.JMeterThread: Thread started: TG - Spike burst 2 (300 VU) 3-300
2026-08-15 16:09:00,000 INFO o.a.j.r.Summariser: summary +  94955 in 00:00:30 = 3171.0/s Avg:    75 Min:     0 Max:   534 Err:     0 (0.00%) Active: 320 Started: 620 Finished: 300
2026-08-15 16:09:00,000 INFO o.a.j.r.Summariser: summary = 328560 in 00:03:57 = 1387.7/s Avg:    74 Min:     0 Max:   534 Err:     0 (0.00%)
2026-08-15 16:09:30,000 INFO o.a.j.r.Summariser: summary + 113418 in 00:00:30 = 3780.6/s Avg:    79 Min:     1 Max:   253 Err:     0 (0.00%) Active: 320 Started: 620 Finished: 300
2026-08-15 16:09:30,000 INFO o.a.j.r.Summariser: summary = 441978 in 00:04:27 = 1656.8/s Avg:    75 Min:     0 Max:   534 Err:     0 (0.00%)
2026-08-15 16:09:33,332 INFO o.a.j.t.JMeterThread: Stopping because end time detected by thread: TG - Spike burst 2 (300 VU) 3-15
2026-08-15 16:09:33,332 INFO o.a.j.t.JMeterThread: Thread finished: TG - Spike burst 2 (300 VU) 3-15
2026-08-15 16:09:33,332 INFO o.a.j.t.JMeterThread: Stopping because end time detected by thread: TG - Spike burst 2 (300 VU) 3-19
2026-08-15 16:09:33,333 INFO o.a.j.t.JMeterThread: Thread finished: TG - Spike burst 2 (300 VU) 3-19
2026-08-15 16:09:33,333 INFO o.a.j.t.JMeterThread: Stopping because end time detected by thread: TG - Spike burst 2 (300 VU) 3-32
2026-08-15 16:09:33,333 INFO o.a.j.t.JMeterThread: Thread finished: TG - Spike burst 2 (300 VU) 3-32
2026-08-15 16:09:33,334 INFO o.a.j.t.JMeterThread: Stopping because end time detected by thread: TG - Spike burst 2 (300 VU) 3-40
2026-08-15 16:09:33,334 INFO o.a.j.t.JMeterThread: Thread finished: TG - Spike burst 2 (300 VU) 3-40
2026-08-15 16:09:33,336 INFO o.a.j.t.JMeterThread: Stopping because end time detected by thread: TG - Spike burst 2 (300 VU) 3-41
2026-08-15 16:09:33,336 INFO o.a.j.t.JMeterThread: Thread finished: TG - Spike burst 2 (300 VU) 3-41
2026-08-15 16:09:33,336 INFO o.a.j.t.JMeterThread: Stopping because end time detected by thread: TG - Spike burst 2 (300 VU) 3-60
2026-08-15 16:09:33,336 INFO o.a.j.t.JMeterThread: Thread finished: TG - Spike burst 2 (300 VU) 3-60
2026-08-15 16:09:33,337 INFO o.a.j.t.JMeterThread: Stopping because end time detected by thread: TG - Spike burst 2 (300 VU) 3-54
2026-08-15 16:09:33,337 INFO o.a.j.t.JMeterThread: Thread finished: TG - Spike burst 2 (300 VU) 3-54
2026-08-15 16:09:33,337 INFO o.a.j.t.JMeterThread: Stopping because end time detected by thread: TG - Spike burst 2 (300 VU) 3-65
2026-08-15 16:09:33,337 INFO o.a.j.t.JMeterThread: Thread finished: TG - Spike burst 2 (300 VU) 3-65
2026-08-15 16:09:33,338 INFO o.a.j.t.JMeterThread: Stopping because end time detected by thread: TG - Spike burst 2 (300 VU) 3-44
2026-08-15 16:09:33,338 INFO o.a.j.t.JMeterThread: Thread finished: TG - Spike burst 2 (300 VU) 3-44
2026-08-15 16:09:33,338 INFO o.a.j.t.JMeterThread: Stopping because end time detected by thread: TG - Spike burst 2 (300 VU) 3-28
2026-08-15 16:09:33,338 INFO o.a.j.t.JMeterThread: Thread finished: TG - Spike burst 2 (300 VU) 3-28
2026-08-15 16:09:33,338 INFO o.a.j.t.JMeterThread: Stopping because end time detected by thread: TG - Spike burst 2 (300 VU) 3-37
2026-08-15 16:09:33,339 INFO o.a.j.t.JMeterThread: Thread finished: TG - Spike burst 2 (300 VU) 3-37
2026-08-15 16:09:33,339 INFO o.a.j.t.JMeterThread: Stopping because end time detected by thread: TG - Spike burst 2 (300 VU) 3-6
2026-08-15 16:09:33,339 INFO o.a.j.t.JMeterThread: Thread finished: TG - Spike burst 2 (300 VU) 3-6
2026-08-15 16:09:33,341 INFO o.a.j.t.JMeterThread: Stopping because end time detected by thread: TG - Spike burst 2 (300 VU) 3-46
2026-08-15 16:09:33,341 INFO o.a.j.t.JMeterThread: Thread finished: TG - Spike burst 2 (300 VU) 3-46
2026-08-15 16:09:33,341 INFO o.a.j.t.JMeterThread: Stopping because end time detected by thread: TG - Spike burst 2 (300 VU) 3-35
2026-08-15 16:09:33,341 INFO o.a.j.t.JMeterThread: Thread finished: TG - Spike burst 2 (300 VU) 3-35
2026-08-15 16:09:33,342 INFO o.a.j.t.JMeterThread: Stopping because end time detected by thread: TG - Spike burst 2 (300 VU) 3-8
2026-08-15 16:09:33,342 INFO o.a.j.t.JMeterThread: Thread finished: TG - Spike burst 2 (300 VU) 3-8
2026-08-15 16:09:33,343 INFO o.a.j.t.JMeterThread: Stopping because end time detected by thread: TG - Spike burst 2 (300 VU) 3-71
2026-08-15 16:09:33,343 INFO o.a.j.t.JMeterThread: Thread finished: TG - Spike burst 2 (300 VU) 3-71
2026-08-15 16:09:33,343 INFO o.a.j.t.JMeterThread: Stopping because end time detected by thread: TG - Spike burst 2 (300 VU) 3-82
2026-08-15 16:09:33,343 INFO o.a.j.t.JMeterThread: Thread finished: TG - Spike burst 2 (300 VU) 3-82
2026-08-15 16:09:33,345 INFO o.a.j.t.JMeterThread: Stopping because end time detected by thread: TG - Spike burst 2 (300 VU) 3-94
2026-08-15 16:09:33,345 INFO o.a.j.t.JMeterThread: Thread finished: TG - Spike burst 2 (300 VU) 3-94
2026-08-15 16:09:33,346 INFO o.a.j.t.JMeterThread: Stopping because end time detected by thread: TG - Spike burst 2 (300 VU) 3-48
2026-08-15 16:09:33,346 INFO o.a.j.t.JMeterThread: Thread finished: TG - Spike burst 2 (300 VU) 3-48
2026-08-15 16:09:33,346 INFO o.a.j.t.JMeterThread: Stopping because end time detected by thread: TG - Spike burst 2 (300 VU) 3-124
2026-08-15 16:09:33,346 INFO o.a.j.t.JMeterThread: Thread finished: TG - Spike burst 2 (300 VU) 3-124
2026-08-15 16:09:33,347 INFO o.a.j.t.JMeterThread: Stopping because end time detected by thread: TG - Spike burst 2 (300 VU) 3-128
2026-08-15 16:09:33,347 INFO o.a.j.t.JMeterThread: Thread finished: TG - Spike burst 2 (300 VU) 3-128
2026-08-15 16:09:33,348 INFO o.a.j.t.JMeterThread: Stopping because end time detected by thread: TG - Spike burst 2 (300 VU) 3-107
2026-08-15 16:09:33,348 INFO o.a.j.t.JMeterThread: Thread finished: TG - Spike burst 2 (300 VU) 3-107
2026-08-15 16:09:33,348 INFO o.a.j.t.JMeterThread: Stopping because end time detected by thread: TG - Spike burst 2 (300 VU) 3-89
2026-08-15 16:09:33,348 INFO o.a.j.t.JMeterThread: Thread finished: TG - Spike burst 2 (300 VU) 3-89
2026-08-15 16:09:33,350 INFO o.a.j.t.JMeterThread: Stopping because end time detected by thread: TG - Spike burst 2 (300 VU) 3-105
2026-08-15 16:09:33,350 INFO o.a.j.t.JMeterThread: Thread finished: TG - Spike burst 2 (300 VU) 3-105
2026-08-15 16:09:33,350 INFO o.a.j.t.JMeterThread: Stopping because end time detected by thread: TG - Spike burst 2 (300 VU) 3-81
2026-08-15 16:09:33,350 INFO o.a.j.t.JMeterThread: Thread finished: TG - Spike burst 2 (300 VU) 3-81
2026-08-15 16:09:33,350 INFO o.a.j.t.JMeterThread: Stopping because end time detected by thread: TG - Spike burst 2 (300 VU) 3-5
2026-08-15 16:09:33,350 INFO o.a.j.t.JMeterThread: Thread finished: TG - Spike burst 2 (300 VU) 3-5
2026-08-15 16:09:33,350 INFO o.a.j.t.JMeterThread: Stopping because end time detected by thread: TG - Spike burst 2 (300 VU) 3-116
2026-08-15 16:09:33,350 INFO o.a.j.t.JMeterThread: Thread finished: TG - Spike burst 2 (300 VU) 3-116
2026-08-15 16:09:33,350 INFO o.a.j.t.JMeterThread: Stopping because end time detected by thread: TG - Spike burst 2 (300 VU) 3-30
2026-08-15 16:09:33,350 INFO o.a.j.t.JMeterThread: Thread finished: TG - Spike burst 2 (300 VU) 3-30
2026-08-15 16:09:33,351 INFO o.a.j.t.JMeterThread: Stopping because end time detected by thread: TG - Spike burst 2 (300 VU) 3-136
2026-08-15 16:09:33,351 INFO o.a.j.t.JMeterThread: Thread finished: TG - Spike burst 2 (300 VU) 3-136
2026-08-15 16:09:33,351 INFO o.a.j.t.JMeterThread: Stopping because end time detected by thread: TG - Spike burst 2 (300 VU) 3-23
2026-08-15 16:09:33,351 INFO o.a.j.t.JMeterThread: Thread finished: TG - Spike burst 2 (300 VU) 3-23
2026-08-15 16:09:33,352 INFO o.a.j.t.JMeterThread: Stopping because end time detected by thread: TG - Spike burst 2 (300 VU) 3-149
2026-08-15 16:09:33,352 INFO o.a.j.t.JMeterThread: Thread finished: TG - Spike burst 2 (300 VU) 3-149
2026-08-15 16:09:33,352 INFO o.a.j.t.JMeterThread: Stopping because end time detected by thread: TG - Spike burst 2 (300 VU) 3-2
2026-08-15 16:09:33,352 INFO o.a.j.t.JMeterThread: Thread finished: TG - Spike burst 2 (300 VU) 3-2
2026-08-15 16:09:33,353 INFO o.a.j.t.JMeterThread: Stopping because end time detected by thread: TG - Spike burst 2 (300 VU) 3-169
2026-08-15 16:09:33,353 INFO o.a.j.t.JMeterThread: Thread finished: TG - Spike burst 2 (300 VU) 3-169
2026-08-15 16:09:33,353 INFO o.a.j.t.JMeterThread: Stopping because end time detected by thread: TG - Spike burst 2 (300 VU) 3-27
2026-08-15 16:09:33,353 INFO o.a.j.t.JMeterThread: Thread finished: TG - Spike burst 2 (300 VU) 3-27
2026-08-15 16:09:33,354 INFO o.a.j.t.JMeterThread: Stopping because end time detected by thread: TG - Spike burst 2 (300 VU) 3-33
2026-08-15 16:09:33,354 INFO o.a.j.t.JMeterThread: Thread finished: TG - Spike burst 2 (300 VU) 3-33
2026-08-15 16:09:33,354 INFO o.a.j.t.JMeterThread: Stopping because end time detected by thread: TG - Spike burst 2 (300 VU) 3-1
2026-08-15 16:09:33,354 INFO o.a.j.t.JMeterThread: Thread finished: TG - Spike burst 2 (300 VU) 3-1
2026-08-15 16:09:33,355 INFO o.a.j.t.JMeterThread: Stopping because end time detected by thread: TG - Spike burst 2 (300 VU) 3-11
2026-08-15 16:09:33,355 INFO o.a.j.t.JMeterThread: Thread finished: TG - Spike burst 2 (300 VU) 3-11
2026-08-15 16:09:33,356 INFO o.a.j.t.JMeterThread: Stopping because end time detected by thread: TG - Spike burst 2 (300 VU) 3-160
2026-08-15 16:09:33,356 INFO o.a.j.t.JMeterThread: Thread finished: TG - Spike burst 2 (300 VU) 3-160
2026-08-15 16:09:33,356 INFO o.a.j.t.JMeterThread: Stopping because end time detected by thread: TG - Spike burst 2 (300 VU) 3-43
2026-08-15 16:09:33,356 INFO o.a.j.t.JMeterThread: Thread finished: TG - Spike burst 2 (300 VU) 3-43
2026-08-15 16:09:33,357 INFO o.a.j.t.JMeterThread: Stopping because end time detected by thread: TG - Spike burst 2 (300 VU) 3-64
2026-08-15 16:09:33,357 INFO o.a.j.t.JMeterThread: Thread finished: TG - Spike burst 2 (300 VU) 3-64
2026-08-15 16:09:33,357 INFO o.a.j.t.JMeterThread: Stopping because end time detected by thread: TG - Spike burst 2 (300 VU) 3-52
2026-08-15 16:09:33,357 INFO o.a.j.t.JMeterThread: Thread finished: TG - Spike burst 2 (300 VU) 3-52
2026-08-15 16:09:33,357 INFO o.a.j.t.JMeterThread: Stopping because end time detected by thread: TG - Spike burst 2 (300 VU) 3-68
2026-08-15 16:09:33,357 INFO o.a.j.t.JMeterThread: Thread finished: TG - Spike burst 2 (300 VU) 3-68
2026-08-15 16:09:33,357 INFO o.a.j.t.JMeterThread: Stopping because end time detected by thread: TG - Spike burst 2 (300 VU) 3-69
2026-08-15 16:09:33,357 INFO o.a.j.t.JMeterThread: Thread finished: TG - Spike burst 2 (300 VU) 3-69
2026-08-15 16:09:33,358 INFO o.a.j.t.JMeterThread: Stopping because end time detected by thread: TG - Spike burst 2 (300 VU) 3-146
2026-08-15 16:09:33,358 INFO o.a.j.t.JMeterThread: Thread finished: TG - Spike burst 2 (300 VU) 3-146
2026-08-15 16:09:33,358 INFO o.a.j.t.JMeterThread: Stopping because end time detected by thread: TG - Spike burst 2 (300 VU) 3-210
2026-08-15 16:09:33,358 INFO o.a.j.t.JMeterThread: Thread finished: TG - Spike burst 2 (300 VU) 3-210
2026-08-15 16:09:33,358 INFO o.a.j.t.JMeterThread: Stopping because end time detected by thread: TG - Spike burst 2 (300 VU) 3-29
2026-08-15 16:09:33,358 INFO o.a.j.t.JMeterThread: Thread finished: TG - Spike burst 2 (300 VU) 3-29
2026-08-15 16:09:33,358 INFO o.a.j.t.JMeterThread: Stopping because end time detected by thread: TG - Spike burst 2 (300 VU) 3-148
2026-08-15 16:09:33,358 INFO o.a.j.t.JMeterThread: Thread finished: TG - Spike burst 2 (300 VU) 3-148
2026-08-15 16:09:33,359 INFO o.a.j.t.JMeterThread: Stopping because end time detected by thread: TG - Spike burst 2 (300 VU) 3-196
2026-08-15 16:09:33,359 INFO o.a.j.t.JMeterThread: Thread finished: TG - Spike burst 2 (300 VU) 3-196
2026-08-15 16:09:33,359 INFO o.a.j.t.JMeterThread: Stopping because end time detected by thread: TG - Spike burst 2 (300 VU) 3-84
2026-08-15 16:09:33,359 INFO o.a.j.t.JMeterThread: Thread finished: TG - Spike burst 2 (300 VU) 3-84
2026-08-15 16:09:33,359 INFO o.a.j.t.JMeterThread: Stopping because end time detected by thread: TG - Spike burst 2 (300 VU) 3-135
2026-08-15 16:09:33,359 INFO o.a.j.t.JMeterThread: Thread finished: TG - Spike burst 2 (300 VU) 3-135
2026-08-15 16:09:33,359 INFO o.a.j.t.JMeterThread: Stopping because end time detected by thread: TG - Spike burst 2 (300 VU) 3-175
2026-08-15 16:09:33,359 INFO o.a.j.t.JMeterThread: Thread finished: TG - Spike burst 2 (300 VU) 3-175
2026-08-15 16:09:33,360 INFO o.a.j.t.JMeterThread: Stopping because end time detected by thread: TG - Spike burst 2 (300 VU) 3-139
2026-08-15 16:09:33,360 INFO o.a.j.t.JMeterThread: Thread finished: TG - Spike burst 2 (300 VU) 3-139
2026-08-15 16:09:33,360 INFO o.a.j.t.JMeterThread: Stopping because end time detected by thread: TG - Spike burst 2 (300 VU) 3-12
2026-08-15 16:09:33,360 INFO o.a.j.t.JMeterThread: Thread finished: TG - Spike burst 2 (300 VU) 3-12
2026-08-15 16:09:33,360 INFO o.a.j.t.JMeterThread: Stopping because end time detected by thread: TG - Spike burst 2 (300 VU) 3-178
2026-08-15 16:09:33,360 INFO o.a.j.t.JMeterThread: Thread finished: TG - Spike burst 2 (300 VU) 3-178
2026-08-15 16:09:33,360 INFO o.a.j.t.JMeterThread: Stopping because end time detected by thread: TG - Spike burst 2 (300 VU) 3-188
2026-08-15 16:09:33,360 INFO o.a.j.t.JMeterThread: Thread finished: TG - Spike burst 2 (300 VU) 3-188
2026-08-15 16:09:33,361 INFO o.a.j.t.JMeterThread: Stopping because end time detected by thread: TG - Spike burst 2 (300 VU) 3-119
2026-08-15 16:09:33,361 INFO o.a.j.t.JMeterThread: Thread finished: TG - Spike burst 2 (300 VU) 3-119
2026-08-15 16:09:33,361 INFO o.a.j.t.JMeterThread: Stopping because end time detected by thread: TG - Spike burst 2 (300 VU) 3-232
2026-08-15 16:09:33,361 INFO o.a.j.t.JMeterThread: Thread finished: TG - Spike burst 2 (300 VU) 3-232
2026-08-15 16:09:33,361 INFO o.a.j.t.JMeterThread: Stopping because end time detected by thread: TG - Spike burst 2 (300 VU) 3-67
2026-08-15 16:09:33,361 INFO o.a.j.t.JMeterThread: Thread finished: TG - Spike burst 2 (300 VU) 3-67
2026-08-15 16:09:33,361 INFO o.a.j.t.JMeterThread: Stopping because end time detected by thread: TG - Spike burst 2 (300 VU) 3-20
2026-08-15 16:09:33,361 INFO o.a.j.t.JMeterThread: Thread finished: TG - Spike burst 2 (300 VU) 3-20
2026-08-15 16:09:33,362 INFO o.a.j.t.JMeterThread: Stopping because end time detected by thread: TG - Spike burst 2 (300 VU) 3-204
2026-08-15 16:09:33,362 INFO o.a.j.t.JMeterThread: Thread finished: TG - Spike burst 2 (300 VU) 3-204
2026-08-15 16:09:33,362 INFO o.a.j.t.JMeterThread: Stopping because end time detected by thread: TG - Spike burst 2 (300 VU) 3-162
2026-08-15 16:09:33,362 INFO o.a.j.t.JMeterThread: Thread finished: TG - Spike burst 2 (300 VU) 3-162
2026-08-15 16:09:33,362 INFO o.a.j.t.JMeterThread: Stopping because end time detected by thread: TG - Spike burst 2 (300 VU) 3-180
2026-08-15 16:09:33,362 INFO o.a.j.t.JMeterThread: Thread finished: TG - Spike burst 2 (300 VU) 3-180
2026-08-15 16:09:33,362 INFO o.a.j.t.JMeterThread: Stopping because end time detected by thread: TG - Spike burst 2 (300 VU) 3-245
2026-08-15 16:09:33,362 INFO o.a.j.t.JMeterThread: Thread finished: TG - Spike burst 2 (300 VU) 3-245
2026-08-15 16:09:33,363 INFO o.a.j.t.JMeterThread: Stopping because end time detected by thread: TG - Spike burst 2 (300 VU) 3-145
2026-08-15 16:09:33,363 INFO o.a.j.t.JMeterThread: Thread finished: TG - Spike burst 2 (300 VU) 3-145
2026-08-15 16:09:33,363 INFO o.a.j.t.JMeterThread: Stopping because end time detected by thread: TG - Spike burst 2 (300 VU) 3-172
2026-08-15 16:09:33,363 INFO o.a.j.t.JMeterThread: Thread finished: TG - Spike burst 2 (300 VU) 3-172
2026-08-15 16:09:33,363 INFO o.a.j.t.JMeterThread: Stopping because end time detected by thread: TG - Spike burst 2 (300 VU) 3-18
2026-08-15 16:09:33,363 INFO o.a.j.t.JMeterThread: Thread finished: TG - Spike burst 2 (300 VU) 3-18
2026-08-15 16:09:33,363 INFO o.a.j.t.JMeterThread: Stopping because end time detected by thread: TG - Spike burst 2 (300 VU) 3-101
2026-08-15 16:09:33,363 INFO o.a.j.t.JMeterThread: Thread finished: TG - Spike burst 2 (300 VU) 3-101
2026-08-15 16:09:33,364 INFO o.a.j.t.JMeterThread: Stopping because end time detected by thread: TG - Spike burst 2 (300 VU) 3-22
2026-08-15 16:09:33,364 INFO o.a.j.t.JMeterThread: Thread finished: TG - Spike burst 2 (300 VU) 3-22
2026-08-15 16:09:33,364 INFO o.a.j.t.JMeterThread: Stopping because end time detected by thread: TG - Spike burst 2 (300 VU) 3-85
2026-08-15 16:09:33,364 INFO o.a.j.t.JMeterThread: Thread finished: TG - Spike burst 2 (300 VU) 3-85
2026-08-15 16:09:33,364 INFO o.a.j.t.JMeterThread: Stopping because end time detected by thread: TG - Spike burst 2 (300 VU) 3-38
2026-08-15 16:09:33,364 INFO o.a.j.t.JMeterThread: Thread finished: TG - Spike burst 2 (300 VU) 3-38
2026-08-15 16:09:33,364 INFO o.a.j.t.JMeterThread: Stopping because end time detected by thread: TG - Spike burst 2 (300 VU) 3-186
2026-08-15 16:09:33,364 INFO o.a.j.t.JMeterThread: Thread finished: TG - Spike burst 2 (300 VU) 3-186
2026-08-15 16:09:33,365 INFO o.a.j.t.JMeterThread: Stopping because end time detected by thread: TG - Spike burst 2 (300 VU) 3-228
2026-08-15 16:09:33,365 INFO o.a.j.t.JMeterThread: Thread finished: TG - Spike burst 2 (300 VU) 3-228
2026-08-15 16:09:33,365 INFO o.a.j.t.JMeterThread: Stopping because end time detected by thread: TG - Spike burst 2 (300 VU) 3-26
2026-08-15 16:09:33,365 INFO o.a.j.t.JMeterThread: Thread finished: TG - Spike burst 2 (300 VU) 3-26
2026-08-15 16:09:33,365 INFO o.a.j.t.JMeterThread: Stopping because end time detected by thread: TG - Spike burst 2 (300 VU) 3-21
2026-08-15 16:09:33,365 INFO o.a.j.t.JMeterThread: Thread finished: TG - Spike burst 2 (300 VU) 3-21
2026-08-15 16:09:33,365 INFO o.a.j.t.JMeterThread: Stopping because end time detected by thread: TG - Spike burst 2 (300 VU) 3-191
2026-08-15 16:09:33,365 INFO o.a.j.t.JMeterThread: Thread finished: TG - Spike burst 2 (300 VU) 3-191
2026-08-15 16:09:33,366 INFO o.a.j.t.JMeterThread: Stopping because end time detected by thread: TG - Spike burst 2 (300 VU) 3-157
2026-08-15 16:09:33,366 INFO o.a.j.t.JMeterThread: Thread finished: TG - Spike burst 2 (300 VU) 3-157
2026-08-15 16:09:33,366 INFO o.a.j.t.JMeterThread: Stopping because end time detected by thread: TG - Spike burst 2 (300 VU) 3-83
2026-08-15 16:09:33,366 INFO o.a.j.t.JMeterThread: Thread finished: TG - Spike burst 2 (300 VU) 3-83
2026-08-15 16:09:33,366 INFO o.a.j.t.JMeterThread: Stopping because end time detected by thread: TG - Spike burst 2 (300 VU) 3-115
2026-08-15 16:09:33,366 INFO o.a.j.t.JMeterThread: Thread finished: TG - Spike burst 2 (300 VU) 3-115
2026-08-15 16:09:33,366 INFO o.a.j.t.JMeterThread: Stopping because end time detected by thread: TG - Spike burst 2 (300 VU) 3-9
2026-08-15 16:09:33,366 INFO o.a.j.t.JMeterThread: Thread finished: TG - Spike burst 2 (300 VU) 3-9
2026-08-15 16:09:33,367 INFO o.a.j.t.JMeterThread: Stopping because end time detected by thread: TG - Spike burst 2 (300 VU) 3-104
2026-08-15 16:09:33,367 INFO o.a.j.t.JMeterThread: Thread finished: TG - Spike burst 2 (300 VU) 3-104
2026-08-15 16:09:33,367 INFO o.a.j.t.JMeterThread: Stopping because end time detected by thread: TG - Spike burst 2 (300 VU) 3-113
2026-08-15 16:09:33,367 INFO o.a.j.t.JMeterThread: Thread finished: TG - Spike burst 2 (300 VU) 3-113
2026-08-15 16:09:33,367 INFO o.a.j.t.JMeterThread: Stopping because end time detected by thread: TG - Spike burst 2 (300 VU) 3-53
2026-08-15 16:09:33,367 INFO o.a.j.t.JMeterThread: Thread finished: TG - Spike burst 2 (300 VU) 3-53
2026-08-15 16:09:33,367 INFO o.a.j.t.JMeterThread: Stopping because end time detected by thread: TG - Spike burst 2 (300 VU) 3-174
2026-08-15 16:09:33,367 INFO o.a.j.t.JMeterThread: Thread finished: TG - Spike burst 2 (300 VU) 3-174
2026-08-15 16:09:33,368 INFO o.a.j.t.JMeterThread: Stopping because end time detected by thread: TG - Spike burst 2 (300 VU) 3-118
2026-08-15 16:09:33,368 INFO o.a.j.t.JMeterThread: Thread finished: TG - Spike burst 2 (300 VU) 3-118
2026-08-15 16:09:33,368 INFO o.a.j.t.JMeterThread: Stopping because end time detected by thread: TG - Spike burst 2 (300 VU) 3-51
2026-08-15 16:09:33,368 INFO o.a.j.t.JMeterThread: Thread finished: TG - Spike burst 2 (300 VU) 3-51
2026-08-15 16:09:33,368 INFO o.a.j.t.JMeterThread: Stopping because end time detected by thread: TG - Spike burst 2 (300 VU) 3-234
2026-08-15 16:09:33,368 INFO o.a.j.t.JMeterThread: Thread finished: TG - Spike burst 2 (300 VU) 3-234
2026-08-15 16:09:33,369 INFO o.a.j.t.JMeterThread: Stopping because end time detected by thread: TG - Spike burst 2 (300 VU) 3-102
2026-08-15 16:09:33,369 INFO o.a.j.t.JMeterThread: Thread finished: TG - Spike burst 2 (300 VU) 3-102
2026-08-15 16:09:33,369 INFO o.a.j.t.JMeterThread: Stopping because end time detected by thread: TG - Spike burst 2 (300 VU) 3-127
2026-08-15 16:09:33,369 INFO o.a.j.t.JMeterThread: Thread finished: TG - Spike burst 2 (300 VU) 3-127
2026-08-15 16:09:33,369 INFO o.a.j.t.JMeterThread: Stopping because end time detected by thread: TG - Spike burst 2 (300 VU) 3-286
2026-08-15 16:09:33,369 INFO o.a.j.t.JMeterThread: Thread finished: TG - Spike burst 2 (300 VU) 3-286
2026-08-15 16:09:33,369 INFO o.a.j.t.JMeterThread: Stopping because end time detected by thread: TG - Spike burst 2 (300 VU) 3-266
2026-08-15 16:09:33,369 INFO o.a.j.t.JMeterThread: Thread finished: TG - Spike burst 2 (300 VU) 3-266
2026-08-15 16:09:33,369 INFO o.a.j.t.JMeterThread: Stopping because end time detected by thread: TG - Spike burst 2 (300 VU) 3-24
2026-08-15 16:09:33,369 INFO o.a.j.t.JMeterThread: Thread finished: TG - Spike burst 2 (300 VU) 3-24
2026-08-15 16:09:33,369 INFO o.a.j.t.JMeterThread: Stopping because end time detected by thread: TG - Spike burst 2 (300 VU) 3-123
2026-08-15 16:09:33,369 INFO o.a.j.t.JMeterThread: Thread finished: TG - Spike burst 2 (300 VU) 3-123
2026-08-15 16:09:33,369 INFO o.a.j.t.JMeterThread: Stopping because end time detected by thread: TG - Spike burst 2 (300 VU) 3-92
2026-08-15 16:09:33,369 INFO o.a.j.t.JMeterThread: Stopping because end time detected by thread: TG - Spike burst 2 (300 VU) 3-96
2026-08-15 16:09:33,369 INFO o.a.j.t.JMeterThread: Thread finished: TG - Spike burst 2 (300 VU) 3-92
2026-08-15 16:09:33,369 INFO o.a.j.t.JMeterThread: Thread finished: TG - Spike burst 2 (300 VU) 3-96
2026-08-15 16:09:33,370 INFO o.a.j.t.JMeterThread: Stopping because end time detected by thread: TG - Spike burst 2 (300 VU) 3-87
2026-08-15 16:09:33,370 INFO o.a.j.t.JMeterThread: Thread finished: TG - Spike burst 2 (300 VU) 3-87
2026-08-15 16:09:33,370 INFO o.a.j.t.JMeterThread: Stopping because end time detected by thread: TG - Spike burst 2 (300 VU) 3-59
2026-08-15 16:09:33,370 INFO o.a.j.t.JMeterThread: Thread finished: TG - Spike burst 2 (300 VU) 3-59
2026-08-15 16:09:33,370 INFO o.a.j.t.JMeterThread: Stopping because end time detected by thread: TG - Spike burst 2 (300 VU) 3-240
2026-08-15 16:09:33,370 INFO o.a.j.t.JMeterThread: Thread finished: TG - Spike burst 2 (300 VU) 3-240
2026-08-15 16:09:33,370 INFO o.a.j.t.JMeterThread: Stopping because end time detected by thread: TG - Spike burst 2 (300 VU) 3-76
2026-08-15 16:09:33,370 INFO o.a.j.t.JMeterThread: Thread finished: TG - Spike burst 2 (300 VU) 3-76
2026-08-15 16:09:33,371 INFO o.a.j.t.JMeterThread: Stopping because end time detected by thread: TG - Spike burst 2 (300 VU) 3-70
2026-08-15 16:09:33,371 INFO o.a.j.t.JMeterThread: Thread finished: TG - Spike burst 2 (300 VU) 3-70
2026-08-15 16:09:33,371 INFO o.a.j.t.JMeterThread: Stopping because end time detected by thread: TG - Spike burst 2 (300 VU) 3-262
2026-08-15 16:09:33,371 INFO o.a.j.t.JMeterThread: Thread finished: TG - Spike burst 2 (300 VU) 3-262
2026-08-15 16:09:33,371 INFO o.a.j.t.JMeterThread: Stopping because end time detected by thread: TG - Spike burst 2 (300 VU) 3-217
2026-08-15 16:09:33,371 INFO o.a.j.t.JMeterThread: Thread finished: TG - Spike burst 2 (300 VU) 3-217
2026-08-15 16:09:33,371 INFO o.a.j.t.JMeterThread: Stopping because end time detected by thread: TG - Spike burst 2 (300 VU) 3-267
2026-08-15 16:09:33,371 INFO o.a.j.t.JMeterThread: Thread finished: TG - Spike burst 2 (300 VU) 3-267
2026-08-15 16:09:33,371 INFO o.a.j.t.JMeterThread: Stopping because end time detected by thread: TG - Spike burst 2 (300 VU) 3-95
2026-08-15 16:09:33,371 INFO o.a.j.t.JMeterThread: Thread finished: TG - Spike burst 2 (300 VU) 3-95
2026-08-15 16:09:33,371 INFO o.a.j.t.JMeterThread: Stopping because end time detected by thread: TG - Spike burst 2 (300 VU) 3-241
2026-08-15 16:09:33,371 INFO o.a.j.t.JMeterThread: Thread finished: TG - Spike burst 2 (300 VU) 3-241
2026-08-15 16:09:33,371 INFO o.a.j.t.JMeterThread: Stopping because end time detected by thread: TG - Spike burst 2 (300 VU) 3-243
2026-08-15 16:09:33,371 INFO o.a.j.t.JMeterThread: Thread finished: TG - Spike burst 2 (300 VU) 3-243
2026-08-15 16:09:33,371 INFO o.a.j.t.JMeterThread: Stopping because end time detected by thread: TG - Spike burst 2 (300 VU) 3-208
2026-08-15 16:09:33,371 INFO o.a.j.t.JMeterThread: Thread finished: TG - Spike burst 2 (300 VU) 3-208
2026-08-15 16:09:33,371 INFO o.a.j.t.JMeterThread: Stopping because end time detected by thread: TG - Spike burst 2 (300 VU) 3-47
2026-08-15 16:09:33,371 INFO o.a.j.t.JMeterThread: Thread finished: TG - Spike burst 2 (300 VU) 3-47
2026-08-15 16:09:33,371 INFO o.a.j.t.JMeterThread: Stopping because end time detected by thread: TG - Spike burst 2 (300 VU) 3-222
2026-08-15 16:09:33,371 INFO o.a.j.t.JMeterThread: Thread finished: TG - Spike burst 2 (300 VU) 3-222
2026-08-15 16:09:33,371 INFO o.a.j.t.JMeterThread: Stopping because end time detected by thread: TG - Spike burst 2 (300 VU) 3-4
2026-08-15 16:09:33,371 INFO o.a.j.t.JMeterThread: Thread finished: TG - Spike burst 2 (300 VU) 3-4
2026-08-15 16:09:33,371 INFO o.a.j.t.JMeterThread: Stopping because end time detected by thread: TG - Spike burst 2 (300 VU) 3-7
2026-08-15 16:09:33,371 INFO o.a.j.t.JMeterThread: Thread finished: TG - Spike burst 2 (300 VU) 3-7
2026-08-15 16:09:33,371 INFO o.a.j.t.JMeterThread: Stopping because end time detected by thread: TG - Spike burst 2 (300 VU) 3-129
2026-08-15 16:09:33,371 INFO o.a.j.t.JMeterThread: Thread finished: TG - Spike burst 2 (300 VU) 3-129
2026-08-15 16:09:33,371 INFO o.a.j.t.JMeterThread: Stopping because end time detected by thread: TG - Spike burst 2 (300 VU) 3-295
2026-08-15 16:09:33,371 INFO o.a.j.t.JMeterThread: Thread finished: TG - Spike burst 2 (300 VU) 3-295
2026-08-15 16:09:33,371 INFO o.a.j.t.JMeterThread: Stopping because end time detected by thread: TG - Spike burst 2 (300 VU) 3-78
2026-08-15 16:09:33,371 INFO o.a.j.t.JMeterThread: Thread finished: TG - Spike burst 2 (300 VU) 3-78
2026-08-15 16:09:33,371 INFO o.a.j.t.JMeterThread: Stopping because end time detected by thread: TG - Spike burst 2 (300 VU) 3-142
2026-08-15 16:09:33,371 INFO o.a.j.t.JMeterThread: Thread finished: TG - Spike burst 2 (300 VU) 3-142
2026-08-15 16:09:33,371 INFO o.a.j.t.JMeterThread: Stopping because end time detected by thread: TG - Spike burst 2 (300 VU) 3-224
2026-08-15 16:09:33,371 INFO o.a.j.t.JMeterThread: Thread finished: TG - Spike burst 2 (300 VU) 3-224
2026-08-15 16:09:33,371 INFO o.a.j.t.JMeterThread: Stopping because end time detected by thread: TG - Spike burst 2 (300 VU) 3-111
2026-08-15 16:09:33,371 INFO o.a.j.t.JMeterThread: Thread finished: TG - Spike burst 2 (300 VU) 3-111
2026-08-15 16:09:33,371 INFO o.a.j.t.JMeterThread: Stopping because end time detected by thread: TG - Spike burst 2 (300 VU) 3-177
2026-08-15 16:09:33,371 INFO o.a.j.t.JMeterThread: Thread finished: TG - Spike burst 2 (300 VU) 3-177
2026-08-15 16:09:33,371 INFO o.a.j.t.JMeterThread: Stopping because end time detected by thread: TG - Spike burst 2 (300 VU) 3-74
2026-08-15 16:09:33,371 INFO o.a.j.t.JMeterThread: Thread finished: TG - Spike burst 2 (300 VU) 3-74
2026-08-15 16:09:33,371 INFO o.a.j.t.JMeterThread: Stopping because end time detected by thread: TG - Spike burst 2 (300 VU) 3-138
2026-08-15 16:09:33,371 INFO o.a.j.t.JMeterThread: Thread finished: TG - Spike burst 2 (300 VU) 3-138
2026-08-15 16:09:33,371 INFO o.a.j.t.JMeterThread: Stopping because end time detected by thread: TG - Spike burst 2 (300 VU) 3-209
2026-08-15 16:09:33,371 INFO o.a.j.t.JMeterThread: Thread finished: TG - Spike burst 2 (300 VU) 3-209
2026-08-15 16:09:33,371 INFO o.a.j.t.JMeterThread: Stopping because end time detected by thread: TG - Spike burst 2 (300 VU) 3-106
2026-08-15 16:09:33,371 INFO o.a.j.t.JMeterThread: Thread finished: TG - Spike burst 2 (300 VU) 3-106
2026-08-15 16:09:33,393 INFO o.a.j.t.JMeterThread: Stopping because end time detected by thread: TG - Spike burst 2 (300 VU) 3-299
2026-08-15 16:09:33,393 INFO o.a.j.t.JMeterThread: Thread finished: TG - Spike burst 2 (300 VU) 3-299
2026-08-15 16:09:33,393 INFO o.a.j.t.JMeterThread: Stopping because end time detected by thread: TG - Spike burst 2 (300 VU) 3-166
2026-08-15 16:09:33,393 INFO o.a.j.t.JMeterThread: Thread finished: TG - Spike burst 2 (300 VU) 3-166
2026-08-15 16:09:33,393 INFO o.a.j.t.JMeterThread: Stopping because end time detected by thread: TG - Spike burst 2 (300 VU) 3-152
2026-08-15 16:09:33,393 INFO o.a.j.t.JMeterThread: Thread finished: TG - Spike burst 2 (300 VU) 3-152
2026-08-15 16:09:33,394 INFO o.a.j.t.JMeterThread: Stopping because end time detected by thread: TG - Spike burst 2 (300 VU) 3-91
2026-08-15 16:09:33,394 INFO o.a.j.t.JMeterThread: Thread finished: TG - Spike burst 2 (300 VU) 3-91
2026-08-15 16:09:33,394 INFO o.a.j.t.JMeterThread: Stopping because end time detected by thread: TG - Spike burst 2 (300 VU) 3-259
2026-08-15 16:09:33,394 INFO o.a.j.t.JMeterThread: Thread finished: TG - Spike burst 2 (300 VU) 3-259
2026-08-15 16:09:33,394 INFO o.a.j.t.JMeterThread: Stopping because end time detected by thread: TG - Spike burst 2 (300 VU) 3-198
2026-08-15 16:09:33,394 INFO o.a.j.t.JMeterThread: Thread finished: TG - Spike burst 2 (300 VU) 3-198
2026-08-15 16:09:33,394 INFO o.a.j.t.JMeterThread: Stopping because end time detected by thread: TG - Spike burst 2 (300 VU) 3-206
2026-08-15 16:09:33,394 INFO o.a.j.t.JMeterThread: Thread finished: TG - Spike burst 2 (300 VU) 3-206
2026-08-15 16:09:33,395 INFO o.a.j.t.JMeterThread: Stopping because end time detected by thread: TG - Spike burst 2 (300 VU) 3-184
2026-08-15 16:09:33,395 INFO o.a.j.t.JMeterThread: Thread finished: TG - Spike burst 2 (300 VU) 3-184
2026-08-15 16:09:33,395 INFO o.a.j.t.JMeterThread: Stopping because end time detected by thread: TG - Spike burst 2 (300 VU) 3-55
2026-08-15 16:09:33,395 INFO o.a.j.t.JMeterThread: Thread finished: TG - Spike burst 2 (300 VU) 3-55
2026-08-15 16:09:33,395 INFO o.a.j.t.JMeterThread: Stopping because end time detected by thread: TG - Spike burst 2 (300 VU) 3-17
2026-08-15 16:09:33,395 INFO o.a.j.t.JMeterThread: Thread finished: TG - Spike burst 2 (300 VU) 3-17
2026-08-15 16:09:33,395 INFO o.a.j.t.JMeterThread: Stopping because end time detected by thread: TG - Spike burst 2 (300 VU) 3-120
2026-08-15 16:09:33,395 INFO o.a.j.t.JMeterThread: Thread finished: TG - Spike burst 2 (300 VU) 3-120
2026-08-15 16:09:33,396 INFO o.a.j.t.JMeterThread: Stopping because end time detected by thread: TG - Spike burst 2 (300 VU) 3-246
2026-08-15 16:09:33,396 INFO o.a.j.t.JMeterThread: Thread finished: TG - Spike burst 2 (300 VU) 3-246
2026-08-15 16:09:33,396 INFO o.a.j.t.JMeterThread: Stopping because end time detected by thread: TG - Spike burst 2 (300 VU) 3-227
2026-08-15 16:09:33,396 INFO o.a.j.t.JMeterThread: Thread finished: TG - Spike burst 2 (300 VU) 3-227
2026-08-15 16:09:33,396 INFO o.a.j.t.JMeterThread: Stopping because end time detected by thread: TG - Spike burst 2 (300 VU) 3-251
2026-08-15 16:09:33,396 INFO o.a.j.t.JMeterThread: Thread finished: TG - Spike burst 2 (300 VU) 3-251
2026-08-15 16:09:33,396 INFO o.a.j.t.JMeterThread: Stopping because end time detected by thread: TG - Spike burst 2 (300 VU) 3-72
2026-08-15 16:09:33,396 INFO o.a.j.t.JMeterThread: Thread finished: TG - Spike burst 2 (300 VU) 3-72
2026-08-15 16:09:33,397 INFO o.a.j.t.JMeterThread: Stopping because end time detected by thread: TG - Spike burst 2 (300 VU) 3-185
2026-08-15 16:09:33,397 INFO o.a.j.t.JMeterThread: Thread finished: TG - Spike burst 2 (300 VU) 3-185
2026-08-15 16:09:33,397 INFO o.a.j.t.JMeterThread: Stopping because end time detected by thread: TG - Spike burst 2 (300 VU) 3-151
2026-08-15 16:09:33,397 INFO o.a.j.t.JMeterThread: Thread finished: TG - Spike burst 2 (300 VU) 3-151
2026-08-15 16:09:33,397 INFO o.a.j.t.JMeterThread: Stopping because end time detected by thread: TG - Spike burst 2 (300 VU) 3-126
2026-08-15 16:09:33,397 INFO o.a.j.t.JMeterThread: Thread finished: TG - Spike burst 2 (300 VU) 3-126
2026-08-15 16:09:33,398 INFO o.a.j.t.JMeterThread: Stopping because end time detected by thread: TG - Spike burst 2 (300 VU) 3-183
2026-08-15 16:09:33,398 INFO o.a.j.t.JMeterThread: Thread finished: TG - Spike burst 2 (300 VU) 3-183
2026-08-15 16:09:33,398 INFO o.a.j.t.JMeterThread: Stopping because end time detected by thread: TG - Spike burst 2 (300 VU) 3-137
2026-08-15 16:09:33,398 INFO o.a.j.t.JMeterThread: Thread finished: TG - Spike burst 2 (300 VU) 3-137
2026-08-15 16:09:33,399 INFO o.a.j.t.JMeterThread: Stopping because end time detected by thread: TG - Spike burst 2 (300 VU) 3-112
2026-08-15 16:09:33,399 INFO o.a.j.t.JMeterThread: Thread finished: TG - Spike burst 2 (300 VU) 3-112
2026-08-15 16:09:33,399 INFO o.a.j.t.JMeterThread: Stopping because end time detected by thread: TG - Spike burst 2 (300 VU) 3-270
2026-08-15 16:09:33,399 INFO o.a.j.t.JMeterThread: Thread finished: TG - Spike burst 2 (300 VU) 3-270
2026-08-15 16:09:33,399 INFO o.a.j.t.JMeterThread: Stopping because end time detected by thread: TG - Spike burst 2 (300 VU) 3-39
2026-08-15 16:09:33,399 INFO o.a.j.t.JMeterThread: Thread finished: TG - Spike burst 2 (300 VU) 3-39
2026-08-15 16:09:33,399 INFO o.a.j.t.JMeterThread: Stopping because end time detected by thread: TG - Spike burst 2 (300 VU) 3-297
2026-08-15 16:09:33,399 INFO o.a.j.t.JMeterThread: Thread finished: TG - Spike burst 2 (300 VU) 3-297
2026-08-15 16:09:33,399 INFO o.a.j.t.JMeterThread: Stopping because end time detected by thread: TG - Spike burst 2 (300 VU) 3-275
2026-08-15 16:09:33,399 INFO o.a.j.t.JMeterThread: Stopping because end time detected by thread: TG - Spike burst 2 (300 VU) 3-140
2026-08-15 16:09:33,399 INFO o.a.j.t.JMeterThread: Stopping because end time detected by thread: TG - Spike burst 2 (300 VU) 3-271
2026-08-15 16:09:33,399 INFO o.a.j.t.JMeterThread: Stopping because end time detected by thread: TG - Spike burst 2 (300 VU) 3-109
2026-08-15 16:09:33,399 INFO o.a.j.t.JMeterThread: Stopping because end time detected by thread: TG - Spike burst 2 (300 VU) 3-254
2026-08-15 16:09:33,399 INFO o.a.j.t.JMeterThread: Stopping because end time detected by thread: TG - Spike burst 2 (300 VU) 3-25
2026-08-15 16:09:33,399 INFO o.a.j.t.JMeterThread: Stopping because end time detected by thread: TG - Spike burst 2 (300 VU) 3-114
2026-08-15 16:09:33,399 INFO o.a.j.t.JMeterThread: Thread finished: TG - Spike burst 2 (300 VU) 3-109
2026-08-15 16:09:33,399 INFO o.a.j.t.JMeterThread: Stopping because end time detected by thread: TG - Spike burst 2 (300 VU) 3-244
2026-08-15 16:09:33,399 INFO o.a.j.t.JMeterThread: Stopping because end time detected by thread: TG - Spike burst 2 (300 VU) 3-103
2026-08-15 16:09:33,399 INFO o.a.j.t.JMeterThread: Thread finished: TG - Spike burst 2 (300 VU) 3-140
2026-08-15 16:09:33,399 INFO o.a.j.t.JMeterThread: Thread finished: TG - Spike burst 2 (300 VU) 3-271
2026-08-15 16:09:33,399 INFO o.a.j.t.JMeterThread: Thread finished: TG - Spike burst 2 (300 VU) 3-103
2026-08-15 16:09:33,399 INFO o.a.j.t.JMeterThread: Stopping because end time detected by thread: TG - Spike burst 2 (300 VU) 3-132
2026-08-15 16:09:33,399 INFO o.a.j.t.JMeterThread: Thread finished: TG - Spike burst 2 (300 VU) 3-132
2026-08-15 16:09:33,399 INFO o.a.j.t.JMeterThread: Stopping because end time detected by thread: TG - Spike burst 2 (300 VU) 3-194
2026-08-15 16:09:33,399 INFO o.a.j.t.JMeterThread: Stopping because end time detected by thread: TG - Spike burst 2 (300 VU) 3-61
2026-08-15 16:09:33,399 INFO o.a.j.t.JMeterThread: Stopping because end time detected by thread: TG - Spike burst 2 (300 VU) 3-182
2026-08-15 16:09:33,399 INFO o.a.j.t.JMeterThread: Thread finished: TG - Spike burst 2 (300 VU) 3-275
2026-08-15 16:09:33,399 INFO o.a.j.t.JMeterThread: Stopping because end time detected by thread: TG - Spike burst 2 (300 VU) 3-14
2026-08-15 16:09:33,399 INFO o.a.j.t.JMeterThread: Stopping because end time detected by thread: TG - Spike burst 2 (300 VU) 3-289
2026-08-15 16:09:33,399 INFO o.a.j.t.JMeterThread: Stopping because end time detected by thread: TG - Spike burst 2 (300 VU) 3-36
2026-08-15 16:09:33,399 INFO o.a.j.t.JMeterThread: Stopping because end time detected by thread: TG - Spike burst 2 (300 VU) 3-260
2026-08-15 16:09:33,399 INFO o.a.j.t.JMeterThread: Thread finished: TG - Spike burst 2 (300 VU) 3-25
2026-08-15 16:09:33,399 INFO o.a.j.t.JMeterThread: Stopping because end time detected by thread: TG - Spike burst 2 (300 VU) 3-231
2026-08-15 16:09:33,399 INFO o.a.j.t.JMeterThread: Thread finished: TG - Spike burst 2 (300 VU) 3-289
2026-08-15 16:09:33,399 INFO o.a.j.t.JMeterThread: Stopping because end time detected by thread: TG - Spike burst 2 (300 VU) 3-163
2026-08-15 16:09:33,399 INFO o.a.j.t.JMeterThread: Stopping because end time detected by thread: TG - Spike burst 2 (300 VU) 3-202
2026-08-15 16:09:33,399 INFO o.a.j.t.JMeterThread: Stopping because end time detected by thread: TG - Spike burst 2 (300 VU) 3-121
2026-08-15 16:09:33,399 INFO o.a.j.t.JMeterThread: Thread finished: TG - Spike burst 2 (300 VU) 3-254
2026-08-15 16:09:33,399 INFO o.a.j.t.JMeterThread: Stopping because end time detected by thread: TG - Spike burst 2 (300 VU) 3-73
2026-08-15 16:09:33,399 INFO o.a.j.t.JMeterThread: Thread finished: TG - Spike burst 2 (300 VU) 3-14
2026-08-15 16:09:33,399 INFO o.a.j.t.JMeterThread: Stopping because end time detected by thread: TG - Spike burst 2 (300 VU) 3-93
2026-08-15 16:09:33,399 INFO o.a.j.t.JMeterThread: Stopping because end time detected by thread: TG - Spike burst 2 (300 VU) 3-248
2026-08-15 16:09:33,399 INFO o.a.j.t.JMeterThread: Thread finished: TG - Spike burst 2 (300 VU) 3-231
2026-08-15 16:09:33,399 INFO o.a.j.t.JMeterThread: Thread finished: TG - Spike burst 2 (300 VU) 3-260
2026-08-15 16:09:33,399 INFO o.a.j.t.JMeterThread: Stopping because end time detected by thread: TG - Spike burst 2 (300 VU) 3-213
2026-08-15 16:09:33,399 INFO o.a.j.t.JMeterThread: Thread finished: TG - Spike burst 2 (300 VU) 3-93
2026-08-15 16:09:33,399 INFO o.a.j.t.JMeterThread: Stopping because end time detected by thread: TG - Spike burst 2 (300 VU) 3-143
2026-08-15 16:09:33,399 INFO o.a.j.t.JMeterThread: Thread finished: TG - Spike burst 2 (300 VU) 3-182
2026-08-15 16:09:33,399 INFO o.a.j.t.JMeterThread: Stopping because end time detected by thread: TG - Spike burst 2 (300 VU) 3-284
2026-08-15 16:09:33,399 INFO o.a.j.t.JMeterThread: Thread finished: TG - Spike burst 2 (300 VU) 3-61
2026-08-15 16:09:33,399 INFO o.a.j.t.JMeterThread: Stopping because end time detected by thread: TG - Spike burst 2 (300 VU) 3-159
2026-08-15 16:09:33,399 INFO o.a.j.t.JMeterThread: Stopping because end time detected by thread: TG - Spike burst 2 (300 VU) 3-230
2026-08-15 16:09:33,399 INFO o.a.j.t.JMeterThread: Stopping because end time detected by thread: TG - Spike burst 2 (300 VU) 3-133
2026-08-15 16:09:33,399 INFO o.a.j.t.JMeterThread: Thread finished: TG - Spike burst 2 (300 VU) 3-284
2026-08-15 16:09:33,399 INFO o.a.j.t.JMeterThread: Thread finished: TG - Spike burst 2 (300 VU) 3-230
2026-08-15 16:09:33,399 INFO o.a.j.t.JMeterThread: Thread finished: TG - Spike burst 2 (300 VU) 3-244
2026-08-15 16:09:33,399 INFO o.a.j.t.JMeterThread: Stopping because end time detected by thread: TG - Spike burst 2 (300 VU) 3-253
2026-08-15 16:09:33,399 INFO o.a.j.t.JMeterThread: Stopping because end time detected by thread: TG - Spike burst 2 (300 VU) 3-173
2026-08-15 16:09:33,400 INFO o.a.j.t.JMeterThread: Stopping because end time detected by thread: TG - Spike burst 2 (300 VU) 3-80
2026-08-15 16:09:33,399 INFO o.a.j.t.JMeterThread: Stopping because end time detected by thread: TG - Spike burst 2 (300 VU) 3-134
2026-08-15 16:09:33,399 INFO o.a.j.t.JMeterThread: Thread finished: TG - Spike burst 2 (300 VU) 3-114
2026-08-15 16:09:33,399 INFO o.a.j.t.JMeterThread: Stopping because end time detected by thread: TG - Spike burst 2 (300 VU) 3-122
2026-08-15 16:09:33,399 INFO o.a.j.t.JMeterThread: Stopping because end time detected by thread: TG - Spike burst 2 (300 VU) 3-90
2026-08-15 16:09:33,400 INFO o.a.j.t.JMeterThread: Thread finished: TG - Spike burst 2 (300 VU) 3-122
2026-08-15 16:09:33,400 INFO o.a.j.t.JMeterThread: Stopping because end time detected by thread: TG - Spike burst 2 (300 VU) 3-56
2026-08-15 16:09:33,400 INFO o.a.j.t.JMeterThread: Thread finished: TG - Spike burst 2 (300 VU) 3-90
2026-08-15 16:09:33,400 INFO o.a.j.t.JMeterThread: Stopping because end time detected by thread: TG - Spike burst 2 (300 VU) 3-247
2026-08-15 16:09:33,400 INFO o.a.j.t.JMeterThread: Thread finished: TG - Spike burst 2 (300 VU) 3-173
2026-08-15 16:09:33,400 INFO o.a.j.t.JMeterThread: Stopping because end time detected by thread: TG - Spike burst 2 (300 VU) 3-278
2026-08-15 16:09:33,399 INFO o.a.j.t.JMeterThread: Thread finished: TG - Spike burst 2 (300 VU) 3-253
2026-08-15 16:09:33,399 INFO o.a.j.t.JMeterThread: Thread finished: TG - Spike burst 2 (300 VU) 3-194
2026-08-15 16:09:33,400 INFO o.a.j.t.JMeterThread: Stopping because end time detected by thread: TG - Spike burst 2 (300 VU) 3-50
2026-08-15 16:09:33,400 INFO o.a.j.t.JMeterThread: Stopping because end time detected by thread: TG - Spike burst 2 (300 VU) 3-13
2026-08-15 16:09:33,399 INFO o.a.j.t.JMeterThread: Stopping because end time detected by thread: TG - Spike burst 2 (300 VU) 3-117
2026-08-15 16:09:33,400 INFO o.a.j.t.JMeterThread: Stopping because end time detected by thread: TG - Spike burst 2 (300 VU) 3-144
2026-08-15 16:09:33,399 INFO o.a.j.t.JMeterThread: Thread finished: TG - Spike burst 2 (300 VU) 3-248
2026-08-15 16:09:33,399 INFO o.a.j.t.JMeterThread: Thread finished: TG - Spike burst 2 (300 VU) 3-143
2026-08-15 16:09:33,399 INFO o.a.j.t.JMeterThread: Thread finished: TG - Spike burst 2 (300 VU) 3-213
2026-08-15 16:09:33,400 INFO o.a.j.t.JMeterThread: Thread finished: TG - Spike burst 2 (300 VU) 3-133
2026-08-15 16:09:33,400 INFO o.a.j.t.JMeterThread: Thread finished: TG - Spike burst 2 (300 VU) 3-144
2026-08-15 16:09:33,400 INFO o.a.j.t.JMeterThread: Stopping because end time detected by thread: TG - Spike burst 2 (300 VU) 3-147
2026-08-15 16:09:33,400 INFO o.a.j.t.JMeterThread: Stopping because end time detected by thread: TG - Spike burst 2 (300 VU) 3-45
2026-08-15 16:09:33,400 INFO o.a.j.t.JMeterThread: Thread finished: TG - Spike burst 2 (300 VU) 3-13
2026-08-15 16:09:33,399 INFO o.a.j.t.JMeterThread: Thread finished: TG - Spike burst 2 (300 VU) 3-36
2026-08-15 16:09:33,399 INFO o.a.j.t.JMeterThread: Stopping because end time detected by thread: TG - Spike burst 2 (300 VU) 3-100
2026-08-15 16:09:33,400 INFO o.a.j.t.JMeterThread: Stopping because end time detected by thread: TG - Spike burst 2 (300 VU) 3-62
2026-08-15 16:09:33,400 INFO o.a.j.t.JMeterThread: Stopping because end time detected by thread: TG - Spike burst 2 (300 VU) 3-108
2026-08-15 16:09:33,400 INFO o.a.j.t.JMeterThread: Thread finished: TG - Spike burst 2 (300 VU) 3-108
2026-08-15 16:09:33,400 INFO o.a.j.t.JMeterThread: Stopping because end time detected by thread: TG - Spike burst 2 (300 VU) 3-57
2026-08-15 16:09:33,400 INFO o.a.j.t.JMeterThread: Thread finished: TG - Spike burst 2 (300 VU) 3-57
2026-08-15 16:09:33,400 INFO o.a.j.t.JMeterThread: Stopping because end time detected by thread: TG - Spike burst 2 (300 VU) 3-110
2026-08-15 16:09:33,399 INFO o.a.j.t.JMeterThread: Thread finished: TG - Spike burst 2 (300 VU) 3-73
2026-08-15 16:09:33,400 INFO o.a.j.t.JMeterThread: Thread finished: TG - Spike burst 2 (300 VU) 3-110
2026-08-15 16:09:33,399 INFO o.a.j.t.JMeterThread: Thread finished: TG - Spike burst 2 (300 VU) 3-202
2026-08-15 16:09:33,400 INFO o.a.j.t.JMeterThread: Stopping because end time detected by thread: TG - Spike burst 2 (300 VU) 3-49
2026-08-15 16:09:33,399 INFO o.a.j.t.JMeterThread: Thread finished: TG - Spike burst 2 (300 VU) 3-163
2026-08-15 16:09:33,399 INFO o.a.j.t.JMeterThread: Thread finished: TG - Spike burst 2 (300 VU) 3-121
2026-08-15 16:09:33,399 INFO o.a.j.t.JMeterThread: Stopping because end time detected by thread: TG - Spike burst 2 (300 VU) 3-86
2026-08-15 16:09:33,400 INFO o.a.j.t.JMeterThread: Thread finished: TG - Spike burst 2 (300 VU) 3-86
2026-08-15 16:09:33,400 INFO o.a.j.t.JMeterThread: Thread finished: TG - Spike burst 2 (300 VU) 3-100
2026-08-15 16:09:33,400 INFO o.a.j.t.JMeterThread: Thread finished: TG - Spike burst 2 (300 VU) 3-62
2026-08-15 16:09:33,400 INFO o.a.j.t.JMeterThread: Thread finished: TG - Spike burst 2 (300 VU) 3-49
2026-08-15 16:09:33,400 INFO o.a.j.t.JMeterThread: Thread finished: TG - Spike burst 2 (300 VU) 3-147
2026-08-15 16:09:33,400 INFO o.a.j.t.JMeterThread: Thread finished: TG - Spike burst 2 (300 VU) 3-45
2026-08-15 16:09:33,400 INFO o.a.j.t.JMeterThread: Thread finished: TG - Spike burst 2 (300 VU) 3-117
2026-08-15 16:09:33,400 INFO o.a.j.t.JMeterThread: Stopping because end time detected by thread: TG - Spike burst 2 (300 VU) 3-66
2026-08-15 16:09:33,400 INFO o.a.j.t.JMeterThread: Thread finished: TG - Spike burst 2 (300 VU) 3-50
2026-08-15 16:09:33,400 INFO o.a.j.t.JMeterThread: Thread finished: TG - Spike burst 2 (300 VU) 3-66
2026-08-15 16:09:33,400 INFO o.a.j.t.JMeterThread: Thread finished: TG - Spike burst 2 (300 VU) 3-159
2026-08-15 16:09:33,400 INFO o.a.j.t.JMeterThread: Stopping because end time detected by thread: TG - Spike burst 2 (300 VU) 3-261
2026-08-15 16:09:33,400 INFO o.a.j.t.JMeterThread: Stopping because end time detected by thread: TG - Spike burst 2 (300 VU) 3-77
2026-08-15 16:09:33,400 INFO o.a.j.t.JMeterThread: Stopping because end time detected by thread: TG - Spike burst 2 (300 VU) 3-3
2026-08-15 16:09:33,400 INFO o.a.j.t.JMeterThread: Stopping because end time detected by thread: TG - Spike burst 2 (300 VU) 3-42
2026-08-15 16:09:33,400 INFO o.a.j.t.JMeterThread: Stopping because end time detected by thread: TG - Spike burst 2 (300 VU) 3-79
2026-08-15 16:09:33,400 INFO o.a.j.t.JMeterThread: Thread finished: TG - Spike burst 2 (300 VU) 3-247
2026-08-15 16:09:33,400 INFO o.a.j.t.JMeterThread: Stopping because end time detected by thread: TG - Spike burst 2 (300 VU) 3-158
2026-08-15 16:09:33,400 INFO o.a.j.t.JMeterThread: Thread finished: TG - Spike burst 2 (300 VU) 3-134
2026-08-15 16:09:33,400 INFO o.a.j.t.JMeterThread: Thread finished: TG - Spike burst 2 (300 VU) 3-42
2026-08-15 16:09:33,400 INFO o.a.j.t.JMeterThread: Thread finished: TG - Spike burst 2 (300 VU) 3-158
2026-08-15 16:09:33,400 INFO o.a.j.t.JMeterThread: Thread finished: TG - Spike burst 2 (300 VU) 3-79
2026-08-15 16:09:33,400 INFO o.a.j.t.JMeterThread: Thread finished: TG - Spike burst 2 (300 VU) 3-56
2026-08-15 16:09:33,400 INFO o.a.j.t.JMeterThread: Thread finished: TG - Spike burst 2 (300 VU) 3-80
2026-08-15 16:09:33,400 INFO o.a.j.t.JMeterThread: Thread finished: TG - Spike burst 2 (300 VU) 3-278
2026-08-15 16:09:33,400 INFO o.a.j.t.JMeterThread: Thread finished: TG - Spike burst 2 (300 VU) 3-3
2026-08-15 16:09:33,400 INFO o.a.j.t.JMeterThread: Thread finished: TG - Spike burst 2 (300 VU) 3-77
2026-08-15 16:09:33,400 INFO o.a.j.t.JMeterThread: Thread finished: TG - Spike burst 2 (300 VU) 3-261
2026-08-15 16:09:33,403 INFO o.a.j.t.JMeterThread: Stopping because end time detected by thread: TG - Spike burst 2 (300 VU) 3-34
2026-08-15 16:09:33,403 INFO o.a.j.t.JMeterThread: Thread finished: TG - Spike burst 2 (300 VU) 3-34
2026-08-15 16:09:33,420 INFO o.a.j.t.JMeterThread: Stopping because end time detected by thread: TG - Spike burst 2 (300 VU) 3-229
2026-08-15 16:09:33,420 INFO o.a.j.t.JMeterThread: Thread finished: TG - Spike burst 2 (300 VU) 3-229
2026-08-15 16:09:33,421 INFO o.a.j.t.JMeterThread: Stopping because end time detected by thread: TG - Spike burst 2 (300 VU) 3-58
2026-08-15 16:09:33,421 INFO o.a.j.t.JMeterThread: Thread finished: TG - Spike burst 2 (300 VU) 3-58
2026-08-15 16:09:33,421 INFO o.a.j.t.JMeterThread: Stopping because end time detected by thread: TG - Spike burst 2 (300 VU) 3-205
2026-08-15 16:09:33,421 INFO o.a.j.t.JMeterThread: Thread finished: TG - Spike burst 2 (300 VU) 3-205
2026-08-15 16:09:33,421 INFO o.a.j.t.JMeterThread: Stopping because end time detected by thread: TG - Spike burst 2 (300 VU) 3-155
2026-08-15 16:09:33,421 INFO o.a.j.t.JMeterThread: Thread finished: TG - Spike burst 2 (300 VU) 3-155
2026-08-15 16:09:33,421 INFO o.a.j.t.JMeterThread: Stopping because end time detected by thread: TG - Spike burst 2 (300 VU) 3-280
2026-08-15 16:09:33,421 INFO o.a.j.t.JMeterThread: Thread finished: TG - Spike burst 2 (300 VU) 3-280
2026-08-15 16:09:33,421 INFO o.a.j.t.JMeterThread: Stopping because end time detected by thread: TG - Spike burst 2 (300 VU) 3-190
2026-08-15 16:09:33,421 INFO o.a.j.t.JMeterThread: Thread finished: TG - Spike burst 2 (300 VU) 3-190
2026-08-15 16:09:33,421 INFO o.a.j.t.JMeterThread: Stopping because end time detected by thread: TG - Spike burst 2 (300 VU) 3-156
2026-08-15 16:09:33,421 INFO o.a.j.t.JMeterThread: Thread finished: TG - Spike burst 2 (300 VU) 3-156
2026-08-15 16:09:33,421 INFO o.a.j.t.JMeterThread: Stopping because end time detected by thread: TG - Spike burst 2 (300 VU) 3-192
2026-08-15 16:09:33,421 INFO o.a.j.t.JMeterThread: Thread finished: TG - Spike burst 2 (300 VU) 3-192
2026-08-15 16:09:33,421 INFO o.a.j.t.JMeterThread: Stopping because end time detected by thread: TG - Spike burst 2 (300 VU) 3-211
2026-08-15 16:09:33,421 INFO o.a.j.t.JMeterThread: Thread finished: TG - Spike burst 2 (300 VU) 3-211
2026-08-15 16:09:33,421 INFO o.a.j.t.JMeterThread: Stopping because end time detected by thread: TG - Spike burst 2 (300 VU) 3-296
2026-08-15 16:09:33,421 INFO o.a.j.t.JMeterThread: Stopping because end time detected by thread: TG - Spike burst 2 (300 VU) 3-165
2026-08-15 16:09:33,421 INFO o.a.j.t.JMeterThread: Thread finished: TG - Spike burst 2 (300 VU) 3-296
2026-08-15 16:09:33,421 INFO o.a.j.t.JMeterThread: Thread finished: TG - Spike burst 2 (300 VU) 3-165
2026-08-15 16:09:33,421 INFO o.a.j.t.JMeterThread: Stopping because end time detected by thread: TG - Spike burst 2 (300 VU) 3-235
2026-08-15 16:09:33,421 INFO o.a.j.t.JMeterThread: Stopping because end time detected by thread: TG - Spike burst 2 (300 VU) 3-97
2026-08-15 16:09:33,421 INFO o.a.j.t.JMeterThread: Thread finished: TG - Spike burst 2 (300 VU) 3-235
2026-08-15 16:09:33,421 INFO o.a.j.t.JMeterThread: Stopping because end time detected by thread: TG - Spike burst 2 (300 VU) 3-153
2026-08-15 16:09:33,421 INFO o.a.j.t.JMeterThread: Thread finished: TG - Spike burst 2 (300 VU) 3-97
2026-08-15 16:09:33,421 INFO o.a.j.t.JMeterThread: Stopping because end time detected by thread: TG - Spike burst 2 (300 VU) 3-212
2026-08-15 16:09:33,421 INFO o.a.j.t.JMeterThread: Thread finished: TG - Spike burst 2 (300 VU) 3-153
2026-08-15 16:09:33,421 INFO o.a.j.t.JMeterThread: Stopping because end time detected by thread: TG - Spike burst 2 (300 VU) 3-298
2026-08-15 16:09:33,421 INFO o.a.j.t.JMeterThread: Stopping because end time detected by thread: TG - Spike burst 2 (300 VU) 3-130
2026-08-15 16:09:33,421 INFO o.a.j.t.JMeterThread: Thread finished: TG - Spike burst 2 (300 VU) 3-212
2026-08-15 16:09:33,421 INFO o.a.j.t.JMeterThread: Stopping because end time detected by thread: TG - Spike burst 2 (300 VU) 3-239
2026-08-15 16:09:33,421 INFO o.a.j.t.JMeterThread: Thread finished: TG - Spike burst 2 (300 VU) 3-298
2026-08-15 16:09:33,421 INFO o.a.j.t.JMeterThread: Stopping because end time detected by thread: TG - Spike burst 2 (300 VU) 3-187
2026-08-15 16:09:33,421 INFO o.a.j.t.JMeterThread: Thread finished: TG - Spike burst 2 (300 VU) 3-130
2026-08-15 16:09:33,421 INFO o.a.j.t.JMeterThread: Stopping because end time detected by thread: TG - Spike burst 2 (300 VU) 3-220
2026-08-15 16:09:33,421 INFO o.a.j.t.JMeterThread: Thread finished: TG - Spike burst 2 (300 VU) 3-187
2026-08-15 16:09:33,421 INFO o.a.j.t.JMeterThread: Thread finished: TG - Spike burst 2 (300 VU) 3-220
2026-08-15 16:09:33,421 INFO o.a.j.t.JMeterThread: Stopping because end time detected by thread: TG - Spike burst 2 (300 VU) 3-256
2026-08-15 16:09:33,421 INFO o.a.j.t.JMeterThread: Thread finished: TG - Spike burst 2 (300 VU) 3-239
2026-08-15 16:09:33,421 INFO o.a.j.t.JMeterThread: Stopping because end time detected by thread: TG - Spike burst 2 (300 VU) 3-168
2026-08-15 16:09:33,421 INFO o.a.j.t.JMeterThread: Thread finished: TG - Spike burst 2 (300 VU) 3-256
2026-08-15 16:09:33,421 INFO o.a.j.t.JMeterThread: Thread finished: TG - Spike burst 2 (300 VU) 3-168
2026-08-15 16:09:33,422 INFO o.a.j.t.JMeterThread: Stopping because end time detected by thread: TG - Spike burst 2 (300 VU) 3-164
2026-08-15 16:09:33,422 INFO o.a.j.t.JMeterThread: Stopping because end time detected by thread: TG - Spike burst 2 (300 VU) 3-221
2026-08-15 16:09:33,422 INFO o.a.j.t.JMeterThread: Stopping because end time detected by thread: TG - Spike burst 2 (300 VU) 3-291
2026-08-15 16:09:33,422 INFO o.a.j.t.JMeterThread: Thread finished: TG - Spike burst 2 (300 VU) 3-221
2026-08-15 16:09:33,422 INFO o.a.j.t.JMeterThread: Thread finished: TG - Spike burst 2 (300 VU) 3-164
2026-08-15 16:09:33,422 INFO o.a.j.t.JMeterThread: Stopping because end time detected by thread: TG - Spike burst 2 (300 VU) 3-214
2026-08-15 16:09:33,422 INFO o.a.j.t.JMeterThread: Thread finished: TG - Spike burst 2 (300 VU) 3-291
2026-08-15 16:09:33,422 INFO o.a.j.t.JMeterThread: Stopping because end time detected by thread: TG - Spike burst 2 (300 VU) 3-195
2026-08-15 16:09:33,422 INFO o.a.j.t.JMeterThread: Thread finished: TG - Spike burst 2 (300 VU) 3-214
2026-08-15 16:09:33,422 INFO o.a.j.t.JMeterThread: Thread finished: TG - Spike burst 2 (300 VU) 3-195
2026-08-15 16:09:33,422 INFO o.a.j.t.JMeterThread: Stopping because end time detected by thread: TG - Spike burst 2 (300 VU) 3-154
2026-08-15 16:09:33,422 INFO o.a.j.t.JMeterThread: Stopping because end time detected by thread: TG - Spike burst 2 (300 VU) 3-281
2026-08-15 16:09:33,422 INFO o.a.j.t.JMeterThread: Stopping because end time detected by thread: TG - Spike burst 2 (300 VU) 3-176
2026-08-15 16:09:33,422 INFO o.a.j.t.JMeterThread: Stopping because end time detected by thread: TG - Spike burst 2 (300 VU) 3-199
2026-08-15 16:09:33,422 INFO o.a.j.t.JMeterThread: Thread finished: TG - Spike burst 2 (300 VU) 3-154
2026-08-15 16:09:33,422 INFO o.a.j.t.JMeterThread: Thread finished: TG - Spike burst 2 (300 VU) 3-281
2026-08-15 16:09:33,422 INFO o.a.j.t.JMeterThread: Stopping because end time detected by thread: TG - Spike burst 2 (300 VU) 3-226
2026-08-15 16:09:33,422 INFO o.a.j.t.JMeterThread: Thread finished: TG - Spike burst 2 (300 VU) 3-199
2026-08-15 16:09:33,422 INFO o.a.j.t.JMeterThread: Thread finished: TG - Spike burst 2 (300 VU) 3-176
2026-08-15 16:09:33,422 INFO o.a.j.t.JMeterThread: Thread finished: TG - Spike burst 2 (300 VU) 3-226
2026-08-15 16:09:33,422 INFO o.a.j.t.JMeterThread: Stopping because end time detected by thread: TG - Spike burst 2 (300 VU) 3-250
2026-08-15 16:09:33,422 INFO o.a.j.t.JMeterThread: Thread finished: TG - Spike burst 2 (300 VU) 3-250
2026-08-15 16:09:33,422 INFO o.a.j.t.JMeterThread: Stopping because end time detected by thread: TG - Spike burst 2 (300 VU) 3-300
2026-08-15 16:09:33,422 INFO o.a.j.t.JMeterThread: Stopping because end time detected by thread: TG - Spike burst 2 (300 VU) 3-236
2026-08-15 16:09:33,422 INFO o.a.j.t.JMeterThread: Thread finished: TG - Spike burst 2 (300 VU) 3-300
2026-08-15 16:09:33,422 INFO o.a.j.t.JMeterThread: Stopping because end time detected by thread: TG - Spike burst 2 (300 VU) 3-125
2026-08-15 16:09:33,422 INFO o.a.j.t.JMeterThread: Thread finished: TG - Spike burst 2 (300 VU) 3-236
2026-08-15 16:09:33,422 INFO o.a.j.t.JMeterThread: Thread finished: TG - Spike burst 2 (300 VU) 3-125
2026-08-15 16:09:33,422 INFO o.a.j.t.JMeterThread: Stopping because end time detected by thread: TG - Spike burst 2 (300 VU) 3-161
2026-08-15 16:09:33,422 INFO o.a.j.t.JMeterThread: Stopping because end time detected by thread: TG - Spike burst 2 (300 VU) 3-167
2026-08-15 16:09:33,422 INFO o.a.j.t.JMeterThread: Thread finished: TG - Spike burst 2 (300 VU) 3-161
2026-08-15 16:09:33,422 INFO o.a.j.t.JMeterThread: Thread finished: TG - Spike burst 2 (300 VU) 3-167
2026-08-15 16:09:33,422 INFO o.a.j.t.JMeterThread: Stopping because end time detected by thread: TG - Spike burst 2 (300 VU) 3-223
2026-08-15 16:09:33,422 INFO o.a.j.t.JMeterThread: Stopping because end time detected by thread: TG - Spike burst 2 (300 VU) 3-201
2026-08-15 16:09:33,422 INFO o.a.j.t.JMeterThread: Thread finished: TG - Spike burst 2 (300 VU) 3-223
2026-08-15 16:09:33,422 INFO o.a.j.t.JMeterThread: Stopping because end time detected by thread: TG - Spike burst 2 (300 VU) 3-276
2026-08-15 16:09:33,422 INFO o.a.j.t.JMeterThread: Thread finished: TG - Spike burst 2 (300 VU) 3-201
2026-08-15 16:09:33,422 INFO o.a.j.t.JMeterThread: Thread finished: TG - Spike burst 2 (300 VU) 3-276
2026-08-15 16:09:33,422 INFO o.a.j.t.JMeterThread: Stopping because end time detected by thread: TG - Spike burst 2 (300 VU) 3-193
2026-08-15 16:09:33,422 INFO o.a.j.t.JMeterThread: Thread finished: TG - Spike burst 2 (300 VU) 3-193
2026-08-15 16:09:33,422 INFO o.a.j.t.JMeterThread: Stopping because end time detected by thread: TG - Spike burst 2 (300 VU) 3-197
2026-08-15 16:09:33,422 INFO o.a.j.t.JMeterThread: Thread finished: TG - Spike burst 2 (300 VU) 3-197
2026-08-15 16:09:33,422 INFO o.a.j.t.JMeterThread: Stopping because end time detected by thread: TG - Spike burst 2 (300 VU) 3-242
2026-08-15 16:09:33,422 INFO o.a.j.t.JMeterThread: Thread finished: TG - Spike burst 2 (300 VU) 3-242
2026-08-15 16:09:33,422 INFO o.a.j.t.JMeterThread: Stopping because end time detected by thread: TG - Spike burst 2 (300 VU) 3-179
2026-08-15 16:09:33,422 INFO o.a.j.t.JMeterThread: Stopping because end time detected by thread: TG - Spike burst 2 (300 VU) 3-255
2026-08-15 16:09:33,422 INFO o.a.j.t.JMeterThread: Thread finished: TG - Spike burst 2 (300 VU) 3-179
2026-08-15 16:09:33,422 INFO o.a.j.t.JMeterThread: Stopping because end time detected by thread: TG - Spike burst 2 (300 VU) 3-200
2026-08-15 16:09:33,422 INFO o.a.j.t.JMeterThread: Thread finished: TG - Spike burst 2 (300 VU) 3-255
2026-08-15 16:09:33,422 INFO o.a.j.t.JMeterThread: Thread finished: TG - Spike burst 2 (300 VU) 3-200
2026-08-15 16:09:33,422 INFO o.a.j.t.JMeterThread: Stopping because end time detected by thread: TG - Spike burst 2 (300 VU) 3-189
2026-08-15 16:09:33,422 INFO o.a.j.t.JMeterThread: Thread finished: TG - Spike burst 2 (300 VU) 3-189
2026-08-15 16:09:33,422 INFO o.a.j.t.JMeterThread: Stopping because end time detected by thread: TG - Spike burst 2 (300 VU) 3-277
2026-08-15 16:09:33,422 INFO o.a.j.t.JMeterThread: Thread finished: TG - Spike burst 2 (300 VU) 3-277
2026-08-15 16:09:33,422 INFO o.a.j.t.JMeterThread: Stopping because end time detected by thread: TG - Spike burst 2 (300 VU) 3-272
2026-08-15 16:09:33,422 INFO o.a.j.t.JMeterThread: Stopping because end time detected by thread: TG - Spike burst 2 (300 VU) 3-265
2026-08-15 16:09:33,422 INFO o.a.j.t.JMeterThread: Stopping because end time detected by thread: TG - Spike burst 2 (300 VU) 3-269
2026-08-15 16:09:33,422 INFO o.a.j.t.JMeterThread: Thread finished: TG - Spike burst 2 (300 VU) 3-272
2026-08-15 16:09:33,422 INFO o.a.j.t.JMeterThread: Thread finished: TG - Spike burst 2 (300 VU) 3-265
2026-08-15 16:09:33,422 INFO o.a.j.t.JMeterThread: Thread finished: TG - Spike burst 2 (300 VU) 3-269
2026-08-15 16:09:33,422 INFO o.a.j.t.JMeterThread: Stopping because end time detected by thread: TG - Spike burst 2 (300 VU) 3-219
2026-08-15 16:09:33,422 INFO o.a.j.t.JMeterThread: Stopping because end time detected by thread: TG - Spike burst 2 (300 VU) 3-75
2026-08-15 16:09:33,422 INFO o.a.j.t.JMeterThread: Thread finished: TG - Spike burst 2 (300 VU) 3-219
2026-08-15 16:09:33,422 INFO o.a.j.t.JMeterThread: Thread finished: TG - Spike burst 2 (300 VU) 3-75
2026-08-15 16:09:33,422 INFO o.a.j.t.JMeterThread: Stopping because end time detected by thread: TG - Spike burst 2 (300 VU) 3-181
2026-08-15 16:09:33,422 INFO o.a.j.t.JMeterThread: Stopping because end time detected by thread: TG - Spike burst 2 (300 VU) 3-285
2026-08-15 16:09:33,422 INFO o.a.j.t.JMeterThread: Stopping because end time detected by thread: TG - Spike burst 2 (300 VU) 3-233
2026-08-15 16:09:33,422 INFO o.a.j.t.JMeterThread: Thread finished: TG - Spike burst 2 (300 VU) 3-181
2026-08-15 16:09:33,422 INFO o.a.j.t.JMeterThread: Stopping because end time detected by thread: TG - Spike burst 2 (300 VU) 3-282
2026-08-15 16:09:33,422 INFO o.a.j.t.JMeterThread: Thread finished: TG - Spike burst 2 (300 VU) 3-285
2026-08-15 16:09:33,422 INFO o.a.j.t.JMeterThread: Stopping because end time detected by thread: TG - Spike burst 2 (300 VU) 3-279
2026-08-15 16:09:33,422 INFO o.a.j.t.JMeterThread: Thread finished: TG - Spike burst 2 (300 VU) 3-279
2026-08-15 16:09:33,422 INFO o.a.j.t.JMeterThread: Thread finished: TG - Spike burst 2 (300 VU) 3-233
2026-08-15 16:09:33,422 INFO o.a.j.t.JMeterThread: Stopping because end time detected by thread: TG - Spike burst 2 (300 VU) 3-131
2026-08-15 16:09:33,422 INFO o.a.j.t.JMeterThread: Thread finished: TG - Spike burst 2 (300 VU) 3-282
2026-08-15 16:09:33,422 INFO o.a.j.t.JMeterThread: Stopping because end time detected by thread: TG - Spike burst 2 (300 VU) 3-171
2026-08-15 16:09:33,422 INFO o.a.j.t.JMeterThread: Thread finished: TG - Spike burst 2 (300 VU) 3-131
2026-08-15 16:09:33,422 INFO o.a.j.t.JMeterThread: Thread finished: TG - Spike burst 2 (300 VU) 3-171
2026-08-15 16:09:33,423 INFO o.a.j.t.JMeterThread: Stopping because end time detected by thread: TG - Spike burst 2 (300 VU) 3-252
2026-08-15 16:09:33,423 INFO o.a.j.t.JMeterThread: Thread finished: TG - Spike burst 2 (300 VU) 3-252
2026-08-15 16:09:33,423 INFO o.a.j.t.JMeterThread: Stopping because end time detected by thread: TG - Spike burst 2 (300 VU) 3-292
2026-08-15 16:09:33,423 INFO o.a.j.t.JMeterThread: Thread finished: TG - Spike burst 2 (300 VU) 3-292
2026-08-15 16:09:33,423 INFO o.a.j.t.JMeterThread: Stopping because end time detected by thread: TG - Spike burst 2 (300 VU) 3-237
2026-08-15 16:09:33,423 INFO o.a.j.t.JMeterThread: Thread finished: TG - Spike burst 2 (300 VU) 3-237
2026-08-15 16:09:33,424 INFO o.a.j.t.JMeterThread: Stopping because end time detected by thread: TG - Spike burst 2 (300 VU) 3-225
2026-08-15 16:09:33,424 INFO o.a.j.t.JMeterThread: Stopping because end time detected by thread: TG - Spike burst 2 (300 VU) 3-203
2026-08-15 16:09:33,424 INFO o.a.j.t.JMeterThread: Stopping because end time detected by thread: TG - Spike burst 2 (300 VU) 3-249
2026-08-15 16:09:33,424 INFO o.a.j.t.JMeterThread: Stopping because end time detected by thread: TG - Spike burst 2 (300 VU) 3-290
2026-08-15 16:09:33,424 INFO o.a.j.t.JMeterThread: Thread finished: TG - Spike burst 2 (300 VU) 3-203
2026-08-15 16:09:33,424 INFO o.a.j.t.JMeterThread: Thread finished: TG - Spike burst 2 (300 VU) 3-249
2026-08-15 16:09:33,424 INFO o.a.j.t.JMeterThread: Thread finished: TG - Spike burst 2 (300 VU) 3-225
2026-08-15 16:09:33,424 INFO o.a.j.t.JMeterThread: Stopping because end time detected by thread: TG - Spike burst 2 (300 VU) 3-273
2026-08-15 16:09:33,424 INFO o.a.j.t.JMeterThread: Thread finished: TG - Spike burst 2 (300 VU) 3-290
2026-08-15 16:09:33,424 INFO o.a.j.t.JMeterThread: Stopping because end time detected by thread: TG - Spike burst 2 (300 VU) 3-218
2026-08-15 16:09:33,424 INFO o.a.j.t.JMeterThread: Stopping because end time detected by thread: TG - Spike burst 2 (300 VU) 3-215
2026-08-15 16:09:33,424 INFO o.a.j.t.JMeterThread: Thread finished: TG - Spike burst 2 (300 VU) 3-273
2026-08-15 16:09:33,424 INFO o.a.j.t.JMeterThread: Stopping because end time detected by thread: TG - Spike burst 2 (300 VU) 3-283
2026-08-15 16:09:33,424 INFO o.a.j.t.JMeterThread: Stopping because end time detected by thread: TG - Spike burst 2 (300 VU) 3-293
2026-08-15 16:09:33,424 INFO o.a.j.t.JMeterThread: Stopping because end time detected by thread: TG - Spike burst 2 (300 VU) 3-258
2026-08-15 16:09:33,424 INFO o.a.j.t.JMeterThread: Thread finished: TG - Spike burst 2 (300 VU) 3-293
2026-08-15 16:09:33,424 INFO o.a.j.t.JMeterThread: Thread finished: TG - Spike burst 2 (300 VU) 3-218
2026-08-15 16:09:33,424 INFO o.a.j.t.JMeterThread: Thread finished: TG - Spike burst 2 (300 VU) 3-258
2026-08-15 16:09:33,424 INFO o.a.j.t.JMeterThread: Thread finished: TG - Spike burst 2 (300 VU) 3-215
2026-08-15 16:09:33,424 INFO o.a.j.t.JMeterThread: Thread finished: TG - Spike burst 2 (300 VU) 3-283
2026-08-15 16:09:33,424 INFO o.a.j.t.JMeterThread: Stopping because end time detected by thread: TG - Spike burst 2 (300 VU) 3-141
2026-08-15 16:09:33,424 INFO o.a.j.t.JMeterThread: Thread finished: TG - Spike burst 2 (300 VU) 3-141
2026-08-15 16:09:33,424 INFO o.a.j.t.JMeterThread: Stopping because end time detected by thread: TG - Spike burst 2 (300 VU) 3-170
2026-08-15 16:09:33,424 INFO o.a.j.t.JMeterThread: Thread finished: TG - Spike burst 2 (300 VU) 3-170
2026-08-15 16:09:33,424 INFO o.a.j.t.JMeterThread: Stopping because end time detected by thread: TG - Spike burst 2 (300 VU) 3-287
2026-08-15 16:09:33,424 INFO o.a.j.t.JMeterThread: Thread finished: TG - Spike burst 2 (300 VU) 3-287
2026-08-15 16:09:33,424 INFO o.a.j.t.JMeterThread: Stopping because end time detected by thread: TG - Spike burst 2 (300 VU) 3-257
2026-08-15 16:09:33,424 INFO o.a.j.t.JMeterThread: Thread finished: TG - Spike burst 2 (300 VU) 3-257
2026-08-15 16:09:33,425 INFO o.a.j.t.JMeterThread: Stopping because end time detected by thread: TG - Spike burst 2 (300 VU) 3-238
2026-08-15 16:09:33,425 INFO o.a.j.t.JMeterThread: Thread finished: TG - Spike burst 2 (300 VU) 3-238
2026-08-15 16:09:33,425 INFO o.a.j.t.JMeterThread: Stopping because end time detected by thread: TG - Spike burst 2 (300 VU) 3-274
2026-08-15 16:09:33,425 INFO o.a.j.t.JMeterThread: Thread finished: TG - Spike burst 2 (300 VU) 3-274
2026-08-15 16:09:33,425 INFO o.a.j.t.JMeterThread: Stopping because end time detected by thread: TG - Spike burst 2 (300 VU) 3-268
2026-08-15 16:09:33,425 INFO o.a.j.t.JMeterThread: Thread finished: TG - Spike burst 2 (300 VU) 3-268
2026-08-15 16:09:33,425 INFO o.a.j.t.JMeterThread: Stopping because end time detected by thread: TG - Spike burst 2 (300 VU) 3-263
2026-08-15 16:09:33,425 INFO o.a.j.t.JMeterThread: Thread finished: TG - Spike burst 2 (300 VU) 3-263
2026-08-15 16:09:33,425 INFO o.a.j.t.JMeterThread: Stopping because end time detected by thread: TG - Spike burst 2 (300 VU) 3-31
2026-08-15 16:09:33,425 INFO o.a.j.t.JMeterThread: Thread finished: TG - Spike burst 2 (300 VU) 3-31
2026-08-15 16:09:33,425 INFO o.a.j.t.JMeterThread: Stopping because end time detected by thread: TG - Spike burst 2 (300 VU) 3-10
2026-08-15 16:09:33,425 INFO o.a.j.t.JMeterThread: Thread finished: TG - Spike burst 2 (300 VU) 3-10
2026-08-15 16:09:33,425 INFO o.a.j.t.JMeterThread: Stopping because end time detected by thread: TG - Spike burst 2 (300 VU) 3-150
2026-08-15 16:09:33,425 INFO o.a.j.t.JMeterThread: Thread finished: TG - Spike burst 2 (300 VU) 3-150
2026-08-15 16:09:33,425 INFO o.a.j.t.JMeterThread: Stopping because end time detected by thread: TG - Spike burst 2 (300 VU) 3-264
2026-08-15 16:09:33,425 INFO o.a.j.t.JMeterThread: Thread finished: TG - Spike burst 2 (300 VU) 3-264
2026-08-15 16:09:33,425 INFO o.a.j.t.JMeterThread: Stopping because end time detected by thread: TG - Spike burst 2 (300 VU) 3-288
2026-08-15 16:09:33,425 INFO o.a.j.t.JMeterThread: Thread finished: TG - Spike burst 2 (300 VU) 3-288
2026-08-15 16:09:33,425 INFO o.a.j.t.JMeterThread: Stopping because end time detected by thread: TG - Spike burst 2 (300 VU) 3-16
2026-08-15 16:09:33,425 INFO o.a.j.t.JMeterThread: Thread finished: TG - Spike burst 2 (300 VU) 3-16
2026-08-15 16:09:33,425 INFO o.a.j.t.JMeterThread: Stopping because end time detected by thread: TG - Spike burst 2 (300 VU) 3-207
2026-08-15 16:09:33,425 INFO o.a.j.t.JMeterThread: Thread finished: TG - Spike burst 2 (300 VU) 3-207
2026-08-15 16:09:33,425 INFO o.a.j.t.JMeterThread: Stopping because end time detected by thread: TG - Spike burst 2 (300 VU) 3-88
2026-08-15 16:09:33,425 INFO o.a.j.t.JMeterThread: Thread finished: TG - Spike burst 2 (300 VU) 3-88
2026-08-15 16:09:33,425 INFO o.a.j.t.JMeterThread: Stopping because end time detected by thread: TG - Spike burst 2 (300 VU) 3-63
2026-08-15 16:09:33,425 INFO o.a.j.t.JMeterThread: Thread finished: TG - Spike burst 2 (300 VU) 3-63
2026-08-15 16:09:33,426 INFO o.a.j.t.JMeterThread: Stopping because end time detected by thread: TG - Spike burst 2 (300 VU) 3-98
2026-08-15 16:09:33,426 INFO o.a.j.t.JMeterThread: Thread finished: TG - Spike burst 2 (300 VU) 3-98
2026-08-15 16:09:33,426 INFO o.a.j.t.JMeterThread: Stopping because end time detected by thread: TG - Spike burst 2 (300 VU) 3-99
2026-08-15 16:09:33,426 INFO o.a.j.t.JMeterThread: Thread finished: TG - Spike burst 2 (300 VU) 3-99
2026-08-15 16:09:33,426 INFO o.a.j.t.JMeterThread: Stopping because end time detected by thread: TG - Spike burst 2 (300 VU) 3-216
2026-08-15 16:09:33,426 INFO o.a.j.t.JMeterThread: Thread finished: TG - Spike burst 2 (300 VU) 3-216
2026-08-15 16:09:33,426 INFO o.a.j.t.JMeterThread: Stopping because end time detected by thread: TG - Spike burst 2 (300 VU) 3-294
2026-08-15 16:09:33,426 INFO o.a.j.t.JMeterThread: Thread finished: TG - Spike burst 2 (300 VU) 3-294
2026-08-15 16:10:00,159 INFO o.a.j.r.Summariser: summary +  13293 in 00:00:30 =  440.8/s Avg:    77 Min:     0 Max:   209 Err:     0 (0.00%) Active: 20 Started: 620 Finished: 600
2026-08-15 16:10:00,160 INFO o.a.j.r.Summariser: summary = 455271 in 00:04:57 = 1533.3/s Avg:    75 Min:     0 Max:   534 Err:     0 (0.00%)
2026-08-15 16:10:00,657 INFO o.a.j.t.JMeterThread: Thread finished: TG - Spike baseline (20 VU) 1-5
2026-08-15 16:10:01,152 INFO o.a.j.t.JMeterThread: Thread finished: TG - Spike baseline (20 VU) 1-13
2026-08-15 16:10:01,240 INFO o.a.j.t.JMeterThread: Thread finished: TG - Spike baseline (20 VU) 1-4
2026-08-15 16:10:01,384 INFO o.a.j.t.JMeterThread: Thread finished: TG - Spike baseline (20 VU) 1-14
2026-08-15 16:10:01,496 INFO o.a.j.t.JMeterThread: Thread finished: TG - Spike baseline (20 VU) 1-7
2026-08-15 16:10:01,783 INFO o.a.j.t.JMeterThread: Thread finished: TG - Spike baseline (20 VU) 1-2
2026-08-15 16:10:02,039 INFO o.a.j.t.JMeterThread: Thread finished: TG - Spike baseline (20 VU) 1-20
2026-08-15 16:10:02,211 INFO o.a.j.t.JMeterThread: Thread finished: TG - Spike baseline (20 VU) 1-1
2026-08-15 16:10:02,227 INFO o.a.j.t.JMeterThread: Thread finished: TG - Spike baseline (20 VU) 1-16
2026-08-15 16:10:02,233 INFO o.a.j.t.JMeterThread: Thread finished: TG - Spike baseline (20 VU) 1-15
2026-08-15 16:10:02,255 INFO o.a.j.t.JMeterThread: Thread finished: TG - Spike baseline (20 VU) 1-3
2026-08-15 16:10:02,275 INFO o.a.j.t.JMeterThread: Thread finished: TG - Spike baseline (20 VU) 1-8
2026-08-15 16:10:02,342 INFO o.a.j.t.JMeterThread: Thread finished: TG - Spike baseline (20 VU) 1-17
2026-08-15 16:10:02,475 INFO o.a.j.t.JMeterThread: Thread finished: TG - Spike baseline (20 VU) 1-11
2026-08-15 16:10:02,555 INFO o.a.j.t.JMeterThread: Thread finished: TG - Spike baseline (20 VU) 1-18
2026-08-15 16:10:02,724 INFO o.a.j.t.JMeterThread: Thread finished: TG - Spike baseline (20 VU) 1-12
2026-08-15 16:10:02,728 INFO o.a.j.t.JMeterThread: Thread finished: TG - Spike baseline (20 VU) 1-9
2026-08-15 16:10:02,832 INFO o.a.j.t.JMeterThread: Thread finished: TG - Spike baseline (20 VU) 1-10
2026-08-15 16:10:02,933 INFO o.a.j.t.JMeterThread: Thread finished: TG - Spike baseline (20 VU) 1-6
2026-08-15 16:10:03,168 INFO o.a.j.t.JMeterThread: Thread finished: TG - Spike baseline (20 VU) 1-19
2026-08-15 16:10:03,169 INFO o.a.j.e.StandardJMeterEngine: Notifying test listeners of end of test
2026-08-15 16:10:03,169 INFO o.a.j.s.FileServer: Close: perf/data/products.csv
2026-08-15 16:10:03,176 INFO o.a.j.r.Summariser: summary +     31 in 00:00:03 =   10.3/s Avg:     3 Min:     0 Max:     7 Err:     0 (0.00%) Active: 0 Started: 620 Finished: 620
2026-08-15 16:10:03,177 INFO o.a.j.r.Summariser: summary = 455302 in 00:05:00 = 1518.0/s Avg:    75 Min:     0 Max:   534 Err:     0 (0.00%)
2026-08-15 16:10:03,177 INFO o.a.j.JMeter: Generating Dashboard
2026-08-15 16:10:03,177 INFO o.a.j.r.d.ReportGenerator: Flushing result collector before report Generation
2026-08-15 16:10:03,190 INFO o.a.j.r.p.NormalizerSampleConsumer: Using format, 'ms', to parse timeStamp field
2026-08-15 16:10:05,415 INFO o.a.j.r.p.AbstractSampleConsumer: class org.apache.jmeter.report.processor.AggregateConsumer#stopProducing(): beginDate produced 0 samples
2026-08-15 16:10:05,415 INFO o.a.j.r.p.AbstractSampleConsumer: class org.apache.jmeter.report.processor.AggregateConsumer#stopProducing(): endDate produced 0 samples
2026-08-15 16:10:05,417 INFO o.a.j.r.p.AbstractSampleConsumer: class org.apache.jmeter.report.processor.ApdexSummaryConsumer#stopProducing(): apdexSummary produced 0 samples
2026-08-15 16:10:05,417 INFO o.a.j.r.p.AbstractSampleConsumer: class org.apache.jmeter.report.processor.RequestsSummaryConsumer#stopProducing(): requestsSummary produced 0 samples
2026-08-15 16:10:05,425 INFO o.a.j.r.p.AbstractSampleConsumer: class org.apache.jmeter.report.processor.StatisticsSummaryConsumer#stopProducing(): statisticsSummary produced 0 samples
2026-08-15 16:10:05,427 INFO o.a.j.r.p.AbstractSampleConsumer: class org.apache.jmeter.report.processor.Top5ErrorsBySamplerConsumer#stopProducing(): top5ErrorsBySampler produced 0 samples
2026-08-15 16:10:05,427 INFO o.a.j.r.p.AbstractSampleConsumer: class org.apache.jmeter.report.processor.ErrorsSummaryConsumer#stopProducing(): errorsSummary produced 0 samples
2026-08-15 16:10:05,427 INFO o.a.j.r.p.AbstractSampleConsumer: class org.apache.jmeter.report.processor.graph.impl.HitsPerSecondGraphConsumer#stopProducing(): hitsPerSecond produced 0 samples
2026-08-15 16:10:05,999 INFO o.a.j.r.p.AbstractSampleConsumer: class org.apache.jmeter.report.processor.graph.impl.LatencyVSRequestGraphConsumer#stopProducing(): latencyVsRequest produced 0 samples
2026-08-15 16:10:06,001 INFO o.a.j.r.p.AbstractSampleConsumer: class org.apache.jmeter.report.processor.graph.impl.SyntheticResponseTimeDistributionGraphConsumer#stopProducing(): syntheticResponseTimeDistribution produced 0 samples
2026-08-15 16:10:06,001 INFO o.a.j.r.p.AbstractSampleConsumer: class org.apache.jmeter.report.processor.graph.impl.BytesThroughputGraphConsumer#stopProducing(): bytesThroughputOverTime produced 0 samples
2026-08-15 16:10:06,001 INFO o.a.j.r.p.AbstractSampleConsumer: class org.apache.jmeter.report.processor.graph.impl.CodesPerSecondGraphConsumer#stopProducing(): codesPerSecond produced 0 samples
2026-08-15 16:10:06,548 INFO o.a.j.r.p.AbstractSampleConsumer: class org.apache.jmeter.report.processor.graph.impl.ResponseTimeVSRequestGraphConsumer#stopProducing(): responseTimeVsRequest produced 0 samples
2026-08-15 16:10:06,550 INFO o.a.j.r.p.AbstractSampleConsumer: class org.apache.jmeter.report.processor.FilterConsumer#stopProducing(): startIntervalControlerFilter produced 3187114 samples
2026-08-15 16:10:06,550 INFO o.a.j.r.p.AbstractSampleConsumer: class org.apache.jmeter.report.processor.graph.impl.TotalTPSGraphConsumer#stopProducing(): totalTPS produced 0 samples
2026-08-15 16:10:06,550 INFO o.a.j.r.p.AbstractSampleConsumer: class org.apache.jmeter.report.processor.graph.impl.ActiveThreadsGraphConsumer#stopProducing(): activeThreadsOverTime produced 0 samples
2026-08-15 16:10:06,550 INFO o.a.j.r.p.AbstractSampleConsumer: class org.apache.jmeter.report.processor.graph.impl.TimeVSThreadGraphConsumer#stopProducing(): timeVsThreads produced 0 samples
2026-08-15 16:10:06,551 INFO o.a.j.r.p.AbstractSampleConsumer: class org.apache.jmeter.report.processor.graph.impl.ResponseTimeDistributionGraphConsumer#stopProducing(): responseTimeDistribution produced 0 samples
2026-08-15 16:10:06,551 INFO o.a.j.r.p.AbstractSampleConsumer: class org.apache.jmeter.report.processor.graph.impl.TransactionsPerSecondGraphConsumer#stopProducing(): transactionsPerSecond produced 0 samples
2026-08-15 16:10:06,551 INFO o.a.j.r.p.AbstractSampleConsumer: class org.apache.jmeter.report.processor.graph.impl.ResponseTimePercentilesGraphConsumer#stopProducing(): responseTimePercentiles produced 0 samples
2026-08-15 16:10:06,553 INFO o.a.j.r.p.AbstractSampleConsumer: class org.apache.jmeter.report.processor.graph.impl.ResponseTimePercentilesOverTimeGraphConsumer#stopProducing(): responseTimePercentilesOverTime produced 0 samples
2026-08-15 16:10:06,557 INFO o.a.j.r.p.AbstractSampleConsumer: class org.apache.jmeter.report.processor.graph.impl.ResponseTimeOverTimeGraphConsumer#stopProducing(): responseTimesOverTime produced 0 samples
2026-08-15 16:10:06,557 INFO o.a.j.r.p.AbstractSampleConsumer: class org.apache.jmeter.report.processor.graph.impl.ConnectTimeOverTimeGraphConsumer#stopProducing(): connectTimeOverTime produced 0 samples
2026-08-15 16:10:06,557 INFO o.a.j.r.p.AbstractSampleConsumer: class org.apache.jmeter.report.processor.graph.impl.LatencyOverTimeGraphConsumer#stopProducing(): latenciesOverTime produced 0 samples
2026-08-15 16:10:06,558 INFO o.a.j.r.p.AbstractSampleConsumer: class org.apache.jmeter.report.processor.FilterConsumer#stopProducing(): nameFilter produced 6829530 samples
2026-08-15 16:10:06,558 INFO o.a.j.r.p.AbstractSampleConsumer: class org.apache.jmeter.report.processor.FilterConsumer#stopProducing(): dateRangeFilter produced 1365906 samples
2026-08-15 16:10:06,558 INFO o.a.j.r.p.AbstractSampleConsumer: class org.apache.jmeter.report.processor.NormalizerSampleConsumer#stopProducing(): normalizer produced 455302 samples
2026-08-15 16:10:06,558 INFO o.a.j.r.p.CsvFileSampleSource: produce(): 455302 samples produced in 3s 355 ms on channel 0
2026-08-15 16:10:06,558 INFO o.a.j.r.d.ReportGenerator: Exporting data using exporter:'json' of className:'org.apache.jmeter.report.dashboard.JsonExporter'
2026-08-15 16:10:06,584 INFO o.a.j.r.d.JsonExporter: Found data for consumer statisticsSummary in context
2026-08-15 16:10:06,584 INFO o.a.j.r.d.JsonExporter: Creating statistics for overall
2026-08-15 16:10:06,584 INFO o.a.j.r.d.JsonExporter: Creating statistics for other transactions
2026-08-15 16:10:06,584 INFO o.a.j.r.d.JsonExporter: Checking output folder
2026-08-15 16:10:06,584 INFO o.a.j.r.d.JsonExporter: Writing statistics JSON to /Users/hbn/Documents/CS423-CSC15003-Testing-N08/perf/results/html/23127300_Spike_20260814/statistics.json
2026-08-15 16:10:06,605 INFO o.a.j.r.d.ReportGenerator: Exporting data using exporter:'html' of className:'org.apache.jmeter.report.dashboard.HtmlTemplateExporter'
2026-08-15 16:10:06,606 INFO o.a.j.r.d.HtmlTemplateExporter: Will generate dashboard in folder: /Users/hbn/Documents/CS423-CSC15003-Testing-N08/perf/results/html/23127300_Spike_20260814
2026-08-15 16:10:06,642 INFO o.a.j.r.d.HtmlTemplateExporter: Report will be generated in: /Users/hbn/Documents/CS423-CSC15003-Testing-N08/perf/results/html/23127300_Spike_20260814, creating folder structure
2026-08-15 16:10:06,643 INFO o.a.j.r.d.TemplateVisitor: Copying folder from '/opt/homebrew/Cellar/jmeter/5.6.3/libexec/bin/report-template' to '/Users/hbn/Documents/CS423-CSC15003-Testing-N08/perf/results/html/23127300_Spike_20260814', got message: /Users/hbn/Documents/CS423-CSC15003-Testing-N08/perf/results/html/23127300_Spike_20260814, found non empty folder with following content [/Users/hbn/Documents/CS423-CSC15003-Testing-N08/perf/results/html/23127300_Spike_20260814/statistics.json], will be ignored
2026-08-15 16:10:06,732 INFO o.a.j.JMeter: Dashboard generated
